ID,date,area,cover,remarks,latitude,longitude,kvartal,eunis
3,20090605,100,70,Pivnichna site. litter in sm,46.487103,33.964699,13,R1B
4,20090605,100,60,Pivnichna site. litter in sm,46.487191,33.965718,13,R1B
5,20090605,100,50,Pivnichna site. litter in sm,46.487321,33.966919,13,R1B
6,20090605,100,80,Pivnichna site. litter in sm,46.487731,33.970301,13,R1B
7,20090606,100,60,Pivnichna site. litter in sm,46.482079,34.035655,24,R1B
8,20090606,100,40,Pivnichna site. litter in sm,46.484467,34.03475,24,R1B
10,20090606,100,70,Pivnichna site. litter in sm,46.485049,34.0328,24,R1B
11,20090606,100,70,Pivnichna site. litter in sm,46.488133,34.02995,24,R1B
12,20090606,100,70,Pivnichna site. litter in sm,46.490267,34.0258,24,R1B
13,20090606,100,85,Pivnichna site. litter in sm,46.4913,34.024783,17,R1B
14,20090606,100,80,Pivnichna site. litter in sm,46.488517,34.02395,23,R1B
15,20090606,100,85,Pivnichna site. litter in sm,46.488183,34.023347,23,R1B
16,20090606,100,80,Pivnichna site. litter in sm,46.488002,34.022095,23,R1B
20,20090607,100,65,Pivnichna site. litter in sm,46.479333,33.977033,19,R1B
21,20090607,100,60,Pivnichna site. litter in sm,46.481117,33.97955,20,R1B
22,20090607,100,55,Pivnichna site. litter in sm,46.483767,33.983,20,R1B
28,20090607,100,70,Pivnichna site. litter in sm,46.48415,33.990317,21,R1B
29,20090609,100,65,Pivnichna site. litter in sm,46.492033,33.98545,14,R1B
30,20090609,100,50,Pivnichna site. litter in sm,46.492267,33.985517,14,R1B
32,20090609,100,65,Pivnichna site. litter in sm,46.492667,33.98215,14,R1B
34,20090614,100,70,Pivnichna site. litter in sm,46.492583,33.977933,14,R1B
35,20090614,100,55,Pivnichna site. litter in sm,46.49217,33.97795,14,R1B
36,20090614,100,50,Pivnichna site. litter in sm,46.492386,33.977382,14,R1B
43,20130626,100,40,Stara site,46.4534,33.889,59,R1B
45,20130626,100,35,Stara site,46.453283,33.8929,59,R1B
49,20130626,100,40,Stara site,46.452667,33.898517,59,R1B
52,20130626,100,35,Stara site,46.454067,33.90265,60,R1B
53,20130627,100,40,Stara site,46.453667,33.8849,59,R1B
54,20130627,100,40,Stara site,46.454583,33.887167,59,R1B
55,20130627,100,50,Stara site,46.45625,33.889317,42,R1B
56,20130627,100,35,Stara site,46.4578,33.892883,42,R1B
57,20130627,100,35,Stara site,46.458267,33.895383,42,R1B
101,20130708,100,40,Stara site,46.453083,33.919783,61,R1B
102,20130708,100,40,Stara site,46.45295,33.919067,61,R1B
103,20130708,100,25,Stara site,46.45325,33.916383,61,R1B
104,20130708,100,35,Stara site,46.45315,33.91645,61,R1B
105,20130708,100,25,Stara site,46.452733,33.915933,61,R1B
113,20130709,12,25,Stara site,46.453567,33.922883,61,R1B
137,20130710,100,25,Stara site,46.461233,33.907467,43,R1B
140,20130710,100,25,Stara site,46.4614,33.9094,43,R1B
143,20130710,100,20,Stara site,46.462317,33.905867,43,R1B
168,20130715,100,25,Stara site,46.464567,33.90895,43,R1B
186,20130726,100,30,Stara site,46.44935,33.9132,60,R1B
204,20140709,100,65,Stara site,46.455917,33.9231,0,X36
216,20110719,100,60,Stara site,46.45,33.91925,0,R1B
218,20110720,100,65,Stara site,46.452733,33.915933,0,R1B
219,20110713,100,65,Stara site,46.457233,33.911333,0,R1B
220,20110718,100,60,Stara site,46.455467,33.900083,0,R1B
221,20110714,100,70,Stara site,46.4516,33.92075,0,R1B
222,20110716,100,65,Stara site,46.458517,33.896683,0,R1B
223,20110716,100,65,Stara site,46.459067,33.90035,0,R1B
224,20110718,100,70,Stara site,46.455167,33.902983,0,R1B
225,20110718,100,72,Stara site,46.455367,33.904367,0,R1B
226,20110718,100,70,Stara site,46.4513,33.915267,0,R1B
227,20110719,100,65,Stara site,46.456283,33.909617,0,R1B
228,20110720,100,65,Stara site,46.450683,33.906317,0,R1B
229,20110605,100,95,Stara site,46.448033,33.921517,0,R1B
230,20110605,100,95,Stara site,46.4483,33.9217,0,R1B
231,20110605,100,95,Stara site,46.448233,33.922083,0,R1B
232,20110605,100,95,Stara site,46.44835,33.922833,0,R1B
233,20110714,100,75,Stara site,46.45295,33.919067,0,R1B
234,20110605,100,95,Stara site,46.448467,33.923333,0,R1B
235,20110710,100,70,Stara site,46.456867,33.906583,0,R1B
236,20110716,100,85,Stara site,46.453667,33.8849,0,R1B
237,20110717,100,70,Stara site,46.45845,33.906667,0,R1B
238,20110717,100,60,Stara site,46.460717,33.908483,0,R1B
239,20110716,100,70,Stara site,46.4578,33.892883,0,R1B
240,20110716,100,75,Stara site,46.458267,33.895383,0,R1B
241,20110711,100,70,Stara site,46.453283,33.8929,0,R1B
242,20110710,100,70,Stara site,46.457183,33.906483,0,R1B
243,20110710,100,65,Stara site,46.45745,33.90575,0,R1B
244,20110717,100,75,Stara site,46.4616,33.9105,0,R1B
245,20110717,100,65,Stara site,46.4525,33.886867,0,R1B
246,20110716,100,86,Stara site,46.454583,33.887167,0,R1B
247,20110717,100,86,Stara site,46.45625,33.889317,0,R1B
248,20110710,100,75,Stara site,46.457033,33.910767,0,R1B
249,20110712,100,65,Stara site,46.45385,33.9086,0,R1B
250,20110718,100,80,Stara site,46.45475,33.9066,0,R1B
251,20110718,100,75,Stara site,46.454933,33.910283,0,R1B
252,20110716,100,75,Stara site,46.45895,33.89915,0,R1B
253,20110716,100,65,Stara site,46.459633,33.902533,0,R1B
254,20110719,100,80,Stara site,46.4565,33.9111,0,R1B
255,20110719,100,75,Stara site,46.453083,33.919783,0,R1B
257,20110722,100,70,Stara site,46.463167,33.906633,0,R1B
258,20110722,100,70,Stara site,46.463033,33.907333,0,R1B
259,20110722,100,68,Stara site,46.4632,33.908017,0,R1B
260,20110722,100,75,Stara site,46.464567,33.90895,0,R1B
261,20110722,100,75,Stara site,46.464467,33.908433,0,R1B
262,20110722,100,70,Stara site,46.462317,33.905867,0,R1B
263,20110722,100,70,Stara site,46.4614,33.9094,0,R1B
264,20110728,100,70,Stara site,46.462317,33.906867,0,R1B
265,20110728,100,70,Stara site,46.461383,33.9073,0,R1B
266,20110728,100,70,Stara site,46.461183,33.9072,0,R1B
267,20110728,100,70,Stara site,46.461233,33.907467,0,R1B
268,20110728,100,65,Stara site,46.461183,33.908167,0,R1B
269,20110728,100,65,Stara site,46.459167,33.909233,0,R1B
270,20110728,100,65,Stara site,46.46075,33.909483,0,R1B
271,20110711,100,75,Stara site,46.452667,33.898517,0,R1B
272,20110712,100,75,Stara site,46.4537,33.9116,0,R1B
273,20110712,100,75,Stara site,46.45325,33.916383,0,R1B
274,20110714,100,85,Stara site,46.466017,33.9132,0,R1B
276,20110720,100,80,Stara site,46.45195,33.914167,0,R1B
278,20110718,100,60,Stara site,46.453383,33.913433,0,X36
279,20110713,100,70,Stara site,46.45785,33.911733,0,X36
280,20110710,100,75,Stara site,46.457867,33.9113,0,R1B
281,20110712,100,82,Stara site,46.455083,33.91415,0,X36
282,20110719,100,60,Stara site,46.454217,33.9146,0,X36
283,20110713,100,80,Stara site,46.458617,33.913567,0,X36
284,20110715,100,90,Stara site,46.456283,33.92355,0,X36
285,20110713,100,75,Stara site,46.45845,33.913083,0,X36
286,20110714,100,70,Stara site,46.454183,33.918483,0,X36
287,20110715,25,75,Stara site,46.455083,33.923917,0,X36
288,20110713,100,70,Stara site,46.459083,33.9167,0,X36
302,20110728,100,75,Stara site,46.462983,33.9136,0,R1B
314,20110713,100,80,Stara site,46.459667,33.91485,0,X36
320,20110710,100,80,Stara site,46.458767,33.912317,0,X36
321,20110711,100,85,Stara site,46.453067,33.895767,0,X36
322,20110711,100,60,Stara site,46.451667,33.899267,0,R1B
323,20110712,100,70,Stara site,46.4529,33.914533,0,X36
326,20110718,100,55,Stara site,46.452833,33.921283,0,X36
327,20110717,100,60,Stara site,46.46175,33.9125,0,X36
342,20110714,100,90,Stara site,46.449033,33.912,0,X36
343,20110717,100,75,Stara site,46.454067,33.90265,0,R1B
371,20140616,100,65,Stara site,46.453067,33.88985,0,R1B
373,20140616,100,65,Stara site,46.453983,33.889683,0,R1B
381,20140616,100,50,Stara site,46.455317,33.885667,0,R1B
390,20140623,100,35,Stara site,46.451467,33.902517,0,R1B
392,20140623,100,70,Stara site,46.452233,33.900817,0,R1B
404,20140702,100,60,Stara site,46.447233,33.916483,0,R1B
405,20140702,100,60,Stara site,46.4474,33.9171,0,R1B
406,20140702,100,55,Stara site,46.447567,33.917667,0,R1B
407,20140702,100,55,Stara site,46.44765,33.917867,0,R1B
408,20140702,100,50,Stara site,46.44775,33.91825,0,R1B
411,20140702,100,50,Stara site,46.448567,33.920717,0,R1B
413,20140702,100,60,Stara site,46.449067,33.919067,0,R1B
414,20140702,100,60,Stara site,46.44885,33.9179,0,R1B
417,20140703,100,60,Stara site,46.455667,33.8915,59,R1B
427,20140704,100,50,Stara site,46.453217,33.8874,59,R1B
429,20140704,100,50,Stara site,46.453633,33.88855,59,R1B
431,20140704,100,60,Stara site,46.4534,33.889933,59,R1B
432,20140704,100,60,Stara site,46.452683,33.88925,59,R1B
434,20140704,100,50,Stara site,46.452167,33.889417,59,R1B
435,20140704,100,65,Stara site,46.452,33.88875,59,R1B
448,20140723,,70,Stara site,46.453417,33.883767,59,X36
449,20140723,,70,Stara site,46.453667,33.883133,59,X36
451,20140725,100,60,Stara site,46.459783,33.890667,42,R1B
453,20140725,100,60,Stara site,46.460267,33.89175,42,R1B
456,20140725,100,50,Stara site,46.461283,33.8947,42,R1B
464,20150616,100,95,Stara site,46.45655,33.914983,0,X36
468,20150617,100,70,Stara site,46.450233,33.92,61,R1B
469,20150617,100,70,Stara site,46.45,33.9202,61,R1B
470,20150617,100,65,Stara site,46.466283,33.920533,61,R1B
471,20150617,100,65,Stara site,46.44915,33.9211,61,R1B
472,20150617,100,70,Stara site,46.448783,33.920917,61,R1B
473,20150617,100,60,Stara site,46.448633,33.920683,61,R1B
474,20150617,100,60,Stara site,46.448333,33.9205,61,R1B
475,20150617,100,60,Stara site,46.447867,33.920333,76,R1B
476,20150618,100,85,Stara site,46.437833,33.88425,59,R1B
477,20150618,100,70,Stara site,46.4545,33.884767,59,R1B
478,20150618,100,85,Stara site,46.45435,33.8852,59,R1B
479,20150618,100,85,Stara site,46.454267,33.8856,59,R1B
480,20150618,100,80,Stara site,46.454,33.886033,59,R1B
481,20150618,100,80,Stara site,46.45395,33.886333,59,R1B
482,20150618,100,75,Stara site,46.45385,33.88665,59,R1B
483,20150618,100,85,Stara site,46.4537,33.886517,59,R1B
484,20150618,100,75,Stara site,46.4536,33.8859,59,R1B
485,20150618,100,70,Stara site,46.453633,33.88595,59,R1B
486,20150618,100,80,Stara site,46.453583,33.885217,59,R1B
490,20150622,100,75,Stara site,46.44735,33.9048,60,R1B
491,20150622,100,65,Stara site,46.4477,33.9048,60,R1B
492,20150622,100,65,Stara site,46.44785,33.904567,60,R1B
493,20150622,100,65,Stara site,46.448033,33.904733,60,R1B
510,20150624,,60,Stara site,46.4607,33.9047,43,R1B
511,20150624,,70,Stara site,46.460817,33.904317,43,R1B
516,20150624,,85,Stara site,46.458517,33.900483,43,R1B
517,20150624,,70,Stara site,46.4575,33.899383,43,R1B
521,20150625,100,70,Stara site,46.4557,33.8901,59,R1B
526,20150625,100,80,Stara site,46.455533,33.894483,59,R1B
528,20150625,100,80,Stara site,46.456017,33.901167,60,R1B
529,20150625,100,80,Stara site,46.455767,33.902267,60,R1B
530,20150625,100,80,Stara site,46.4558,33.902567,60,R1B
531,20150625,100,85,Stara site,46.4559,33.9038,60,R1B
534,20150702,100,70,Stara site,46.456217,33.91165,60,R1B
546,20100530,4,50,Velykyi Chapelskyy Pid. zagon6/7,46.474444,33.86258,0,X36
547,20100530,4,60,Velykyi Chapelskyy Pid. zagon6/7,46.47445,33.86259,0,X36
548,20100530,4,75,Velykyi Chapelskyy Pid. zagon6/7,46.47446,33.8626,0,X36
549,20100530,4,65,Velykyi Chapelskyy Pid. zagon6/7,46.47447,33.86261,0,X36
550,20100530,4,50,Velykyi Chapelskyy Pid. zagon6/7,46.47448,33.86262,0,X36
551,20100530,4,45,Velykyi Chapelskyy Pid. zagon6/7,46.47449,33.86263,0,X36
552,20100530,4,65,Velykyi Chapelskyy Pid. zagon6/7,46.4745,33.86264,0,X36
553,20100530,9,85,Velykyi Chapelskyy Pid. zagon6/7,46.47451,33.86265,0,X36
554,20100530,4,70,Velykyi Chapelskyy Pid. zagon6/7,46.47452,33.86266,0,X36
555,20100530,4,60,Velykyi Chapelskyy Pid. zagon6/7,46.47453,33.86267,0,X36
563,20100609,100,65,Agaymanskyy Pid,46.612917,34.187183,0,X36
564,20100609,100,55,Agaymanskyy Pid,46.615783,34.1865,0,X36
565,20100609,100,80,Agaymanskyy Pid,46.616024,34.186412,0,X36
566,20100609,100,80,Agaymanskyy Pid,46.616276,34.186239,0,X36
567,20100609,100,65,Agaymanskyy Pid,46.616593,34.186047,0,X36
568,20100609,100,55,Agaymanskyy Pid,46.616877,34.186114,0,X36
569,20100609,100,50,Agaymanskyy Pid,46.617142,34.186153,0,X36
570,20100609,100,65,Agaymanskyy Pid,46.617446,34.185913,0,X36
571,20100609,100,55,Agaymanskyy Pid,46.617678,34.185942,0,X36
572,20100609,100,70,Agaymanskyy Pid,46.618015,34.185923,0,X36
573,20100609,100,50,Agaymanskyy Pid,46.618286,34.185461,0,X36
574,20100609,100,45,Agaymanskyy Pid,46.618533,34.185333,0,X36
575,20100609,100,90,Agaymanskyy Pid,46.61904,34.185051,0,X36
576,20100609,100,35,Agaymanskyy Pid,46.619252,34.185762,0,X36
577,20100609,100,95,Agaymanskyy Pid,46.62235,34.194967,0,X36
578,20100609,100,80,Agaymanskyy Pid,46.622162,34.195107,0,X36
579,20100609,100,90,Agaymanskyy Pid,46.62184,34.195001,0,X36
580,20100609,100,85,Agaymanskyy Pid,46.621618,34.195219,0,X36
581,20100609,100,90,Agaymanskyy Pid,46.621334,34.195092,0,X36
582,20100609,100,90,Agaymanskyy Pid,46.621059,34.19533,0,X36
583,20100609,100,80,Agaymanskyy Pid,46.620939,34.195302,0,X36
584,20100609,100,85,Agaymanskyy Pid,46.620843,34.195267,0,X36
585,20100609,100,95,Agaymanskyy Pid,46.620626,34.195253,0,X36
586,20100609,100,80,Agaymanskyy Pid,46.620266,34.195322,0,X36
587,20100609,100,70,Agaymanskyy Pid,46.612967,34.17325,0,X36
588,20100609,100,60,Agaymanskyy Pid,46.612977,34.17335,0,X36
589,20100609,100,70,Agaymanskyy Pid,46.612987,34.17345,0,X36
590,20100609,100,60,Agaymanskyy Pid,46.612997,34.17355,0,X36
591,20100619,100,70,Chorna Dolyna,46.55425,33.478983,0,X36
592,20100619,100,70,Chorna Dolyna,46.554493,33.478638,0,X36
593,20100619,100,70,Chorna Dolyna,46.554717,33.47824,0,X36
594,20100619,100,80,Chorna Dolyna,46.555038,33.477774,0,X36
595,20100619,100,75,Chorna Dolyna,46.555293,33.477418,0,X36
596,20100619,100,80,Chorna Dolyna,46.5565,33.480417,0,X36
597,20100619,100,70,Chorna Dolyna,46.558233,33.4786,0,X36
598,20100619,100,80,Chorna Dolyna,46.558342,33.478443,0,X36
599,20100619,100,70,Chorna Dolyna,46.558467,33.478167,0,X36
600,20100619,100,80,Chorna Dolyna,46.5585,33.47525,0,X36
601,20100619,100,80,Chorna Dolyna,46.557638,33.474637,0,X36
602,20100619,100,70,Chorna Dolyna,46.556617,33.4746,0,X36
603,20100619,100,70,Chorna Dolyna,46.55715,33.474733,0,X36
604,20100619,100,65,Chorna Dolyna,46.592133,33.481483,0,X36
605,20100619,100,60,Chorna Dolyna,46.559233,33.483467,0,X36
606,20100621,100,65,Velykyy Chapelskyy Pid,46.468883,33.869883,0,X36
607,20100622,100,80,Velykyy Chapelskyy Pid,46.46885,33.869383,0,X36
608,20100622,100,65,Velykyy Chapelskyy Pid,46.469072,33.869138,0,X36
609,20100622,100,90,Velykyy Chapelskyy Pid,46.469333,33.86895,0,X36
610,20100622,100,80,Velykyy Chapelskyy Pid,46.469783,33.870017,0,X36
611,20100622,100,90,Velykyy Chapelskyy Pid,46.46995,33.868983,0,X36
612,20100622,100,90,Velykyy Chapelskyy Pid,46.46965,33.868467,0,X36
613,20100622,100,90,Velykyy Chapelskyy Pid,46.469633,33.86685,0,X36
614,20100622,100,85,Velykyy Chapelskyy Pid,46.46925,33.867467,0,X36
615,20100622,100,90,Velykyy Chapelskyy Pid,46.469033,33.867767,0,X36
616,20100622,100,80,Velykyy Chapelskyy Pid,46.468783,33.868717,0,X36
617,20100623,100,60,Velykyy Chapelskyy Pid,46.463617,33.84675,0,X36
619,20100623,100,60,Velykyy Chapelskyy Pid,46.462483,33.8457,0,R1B
621,20100623,100,95,Velykyy Chapelskyy Pid,46.471333,33.8638,0,X36
622,20100623,100,90,Velykyy Chapelskyy Pid,46.471533,33.863967,0,X36
623,20100623,100,80,Velykyy Chapelskyy Pid,46.47265,33.864,0,X36
624,20100623,100,85,Velykyy Chapelskyy Pid,46.473083,33.86355,0,X36
625,20100623,100,85,Velykyy Chapelskyy Pid,46.473417,33.863267,0,X36
626,20100623,100,90,Velykyy Chapelskyy Pid,46.473367,33.8645,0,X36
627,20100623,100,85,Velykyy Chapelskyy Pid,46.474033,33.864317,0,X36
628,20100623,100,95,Velykyy Chapelskyy Pid,46.47455,33.863917,0,X36
629,20100623,100,95,Velykyy Chapelskyy Pid,46.475,33.864483,0,X36
630,20100623,100,80,Velykyy Chapelskyy Pid,46.477,33.867433,0,X36
631,20100623,100,90,Velykyy Chapelskyy Pid,46.476833,33.866317,0,X36
632,20100623,100,90,Velykyy Chapelskyy Pid,46.477117,33.865633,0,X36
633,20100623,100,85,Velykyy Chapelskyy Pid,46.477517,33.862933,0,X36
634,20100623,100,95,Velykyy Chapelskyy Pid,46.476333,33.86365,0,X36
635,20100623,100,85,Velykyy Chapelskyy Pid,46.474267,33.864067,0,X36
636,20100624,100,95,Velykyy Chapelskyy Pid,46.486183,33.854033,0,X36
637,20100624,100,95,Velykyy Chapelskyy Pid,46.486283,33.85385,0,X36
638,20100624,100,85,Velykyy Chapelskyy Pid,46.4862,33.853717,0,X36
639,20100624,100,85,Velykyy Chapelskyy Pid,46.486417,33.853233,0,X36
640,20100624,100,90,Velykyy Chapelskyy Pid,46.486783,33.85305,0,X36
641,20100624,100,80,Velykyy Chapelskyy Pid,46.487017,33.8533,0,X36
642,20100624,100,75,Velykyy Chapelskyy Pid,46.487133,33.853383,0,X36
643,20100624,100,95,Velykyy Chapelskyy Pid,46.487383,33.853417,0,X36
644,20100624,100,90,Velykyy Chapelskyy Pid,46.487717,33.8535,0,X36
645,20100624,100,95,Velykyy Chapelskyy Pid,46.4886,33.853783,0,X36
646,20100624,100,90,Velykyy Chapelskyy Pid,46.4895,33.8538,0,X36
647,20100624,100,90,Velykyy Chapelskyy Pid,46.489867,33.853783,0,X36
648,20100624,100,95,Velykyy Chapelskyy Pid,46.49015,33.853833,0,X36
649,20100624,100,90,Velykyy Chapelskyy Pid,46.490233,33.8538,0,X36
650,20100624,100,60,Velykyy Chapelskyy Pid,46.48785,33.8679,0,X36
651,20100624,100,75,Velykyy Chapelskyy Pid,46.4873,33.867217,0,X36
652,20100624,100,60,Velykyy Chapelskyy Pid,46.487483,33.8679,0,X36
653,20100624,100,80,Velykyy Chapelskyy Pid,46.4862,33.868917,0,X36
654,20100624,100,90,Velykyy Chapelskyy Pid,46.486233,33.868433,0,X36
655,20100624,100,65,Velykyy Chapelskyy Pid,46.474317,33.873267,0,X36
656,20100624,100,85,Velykyy Chapelskyy Pid,46.474367,33.872383,0,X36
657,20100625,100,90,Khrestivskyy Pid,46.425917,33.736383,0,X36
658,20100625,100,85,Khrestivskyy Pid,46.4257,33.736533,0,X36
659,20100625,100,90,Khrestivskyy Pid,46.4257,33.736817,0,X36
660,20100625,100,90,Khrestivskyy Pid,46.425417,33.73705,0,X36
661,20100625,100,80,Khrestivskyy Pid,46.435867,33.7353,0,X36
662,20100625,100,80,Khrestivskyy Pid,46.436183,33.735517,0,X36
663,20100625,100,75,Khrestivskyy Pid,46.436217,33.7362,0,X36
664,20100625,100,85,Khrestivskyy Pid,46.43555,33.737167,0,X36
665,20100625,100,85,Khrestivskyy Pid,46.435367,33.737117,0,X36
666,20100625,100,90,Khrestivskyy Pid,46.43505,33.737117,0,X36
667,20100625,100,70,Khrestivskyy Pid,46.434633,33.7271,0,X36
668,20100625,100,75,Khrestivskyy Pid,46.434683,33.7272,0,X36
669,20100625,100,85,Khrestivskyy Pid,46.4349,33.7271,0,X36
670,20100625,100,70,Khrestivskyy Pid,46.434883,33.727583,0,X36
671,20100625,100,80,Khrestivskyy Pid,46.434183,33.7264,0,X36
672,20100625,100,70,Khrestivskyy Pid,46.433583,33.726133,0,X36
673,20100625,100,75,Khrestivskyy Pid,46.4336,33.726433,0,X36
674,20100625,100,80,Khrestivskyy Pid,46.433167,33.726117,0,X36
675,20100625,100,80,Khrestivskyy Pid,46.433217,33.7257,0,X36
676,20100625,100,85,Khrestivskyy Pid,46.4337,33.727233,0,X36
677,20100625,100,70,Khrestivskyy Pid,46.4357,33.727867,0,X36
678,20100625,100,90,Khrestivskyy Pid,46.443367,33.741483,0,R1B
680,20100625,100,75,Khrestivskyy Pid,46.443067,33.73975,0,R1B
681,20100625,100,85,Khrestivskyy Pid,46.44285,33.739267,0,R1B
683,20100625,100,80,Khrestivskyy Pid,46.442033,33.73985,0,R1B
684,20100625,100,75,Khrestivskyy Pid,46.4421,33.73985,0,X36
685,20100625,100,80,Khrestivskyy Pid,46.4444,33.738767,0,X36
686,20100625,100,85,Khrestivskyy Pid,46.435667,33.74315,0,X36
687,20100625,100,90,Khrestivskyy Pid,46.435783,33.74335,0,X36
688,20100625,100,95,Khrestivskyy Pid,46.434483,33.74075,0,X36
689,20100625,100,85,Khrestivskyy Pid,46.434183,33.740417,0,X36
690,20100625,100,80,Khrestivskyy Pid,46.4345,33.7405,0,X36
691,20100625,100,85,Khrestivskyy Pid,46.4345,33.740967,0,X36
692,20100625,100,75,Khrestivskyy Pid,46.434317,33.740983,0,X36
693,20100625,100,75,Khrestivskyy Pid,46.433933,33.741233,0,X36
694,20100625,100,90,Khrestivskyy Pid,46.430617,33.74105,0,X36
695,20100625,100,80,Khrestivskyy Pid,46.4299,33.7412,0,X36
696,20100625,100,85,Khrestivskyy Pid,46.4299,33.7402,0,X36
697,20100625,100,95,Khrestivskyy Pid,46.431033,33.74145,0,X36
698,20100626,100,90,Velykyy Chepelskyy Pid,46.49055,33.857917,0,X36
699,20100626,100,95,Velykyy Chepelskyy Pid,46.4908,33.858017,0,X36
700,20100626,100,95,Velykyy Chepelskyy Pid,46.491,33.858117,0,X36
701,20100626,100,90,Velykyy Chepelskyy Pid,46.491133,33.858267,0,X36
702,20100626,100,90,Velykyy Chepelskyy Pid,46.492317,33.858983,0,X36
703,20100626,100,95,Velykyy Chepelskyy Pid,46.49255,33.859017,0,X36
704,20100626,100,90,Velykyy Chepelskyy Pid,46.493183,33.859517,0,X36
705,20100626,100,85,Velykyy Chepelskyy Pid,46.493583,33.859583,0,X36
706,20100626,100,90,Velykyy Chepelskyy Pid,46.49385,33.860367,0,X36
707,20100626,100,90,Velykyy Chepelskyy Pid,46.493883,33.860683,0,X36
708,20100626,100,95,Velykyy Chepelskyy Pid,46.4943,33.86065,0,X36
709,20100626,100,70,Velykyy Chepelskyy Pid,46.494967,33.86425,0,X36
710,20100626,100,75,Velykyy Chepelskyy Pid,46.495183,33.864867,0,X36
711,20100626,100,70,Velykyy Chepelskyy Pid,46.49525,33.865433,0,X36
712,20100628,100,95,Velykyy Chepelskyy Pid,46.487067,33.856067,0,X36
713,20100628,100,95,Velykyy Chepelskyy Pid,46.4875,33.85675,0,X36
714,20100628,100,80,Velykyy Chepelskyy Pid,46.48785,33.857433,0,X36
715,20100628,100,95,Velykyy Chepelskyy Pid,46.488167,33.857483,0,X36
716,20100628,100,90,Velykyy Chepelskyy Pid,46.4884,33.857417,0,X36
717,20100628,100,95,Velykyy Chepelskyy Pid,46.488783,33.857467,0,X36
718,20100628,100,95,Velykyy Chepelskyy Pid,46.489183,33.858017,0,X36
719,20100628,100,85,Velykyy Chepelskyy Pid,46.48975,33.85825,0,X36
720,20100628,100,95,Velykyy Chepelskyy Pid,46.489833,33.858483,0,X36
721,20100628,100,75,Velykyy Chepelskyy Pid,46.490533,33.859067,0,X36
722,20100703,100,90,Velykyy Chepelskyy Pid,46.493367,33.860633,0,X36
723,20100703,100,90,Velykyy Chepelskyy Pid,46.493167,33.86115,0,X36
724,20100703,100,97,Velykyy Chepelskyy Pid,46.492983,33.861467,0,X36
725,20100703,100,90,Velykyy Chepelskyy Pid,46.49285,33.861867,0,X36
726,20100703,100,97,Velykyy Chepelskyy Pid,46.49305,33.862117,0,X36
727,20100703,100,97,Velykyy Chepelskyy Pid,46.493283,33.86195,0,X36
728,20100707,100,87,Velykyy Chepelskyy Pid,46.493667,33.860017,0,X36
729,20100707,100,87,Velykyy Chepelskyy Pid,46.493717,33.859117,0,X36
730,20100707,100,95,Velykyy Chepelskyy Pid,46.4939,33.858017,0,X36
731,20100707,100,95,Velykyy Chepelskyy Pid,46.494,33.857167,0,X36
732,20100707,100,95,Velykyy Chepelskyy Pid,46.494167,33.856517,0,X36
733,20100707,100,95,Velykyy Chepelskyy Pid,46.49435,33.8558,0,X36
734,20100707,100,95,Velykyy Chepelskyy Pid,46.49445,33.855367,0,X36
735,20100707,100,95,Velykyy Chepelskyy Pid,46.494667,33.854267,0,X36
736,20100707,100,95,Velykyy Chepelskyy Pid,46.494333,33.853933,0,X36
737,20100707,100,93,Velykyy Chepelskyy Pid,46.494017,33.853767,0,X36
738,20100707,100,97,Velykyy Chepelskyy Pid,46.493667,33.853567,0,X36
739,20100708,100,97,Zelenyy Pid,46.68195,33.728917,0,X36
740,20100708,100,95,Zelenyy Pid,46.681467,33.7267,0,X36
741,20100708,100,80,Zelenyy Pid,46.681167,33.72605,0,X36
742,20100708,100,85,Zelenyy Pid,46.680067,33.725133,0,X36
743,20100708,100,80,Zelenyy Pid,46.679383,33.72355,0,X36
744,20100708,100,87,Zelenyy Pid,46.678833,33.721567,0,X36
745,20100708,100,85,Zelenyy Pid,46.677633,33.720383,0,X36
746,20100708,100,90,Zelenyy Pid,46.677417,33.719967,0,X36
747,20100708,100,85,Zelenyy Pid,46.676467,33.71685,0,X36
748,20100708,100,80,Zelenyy Pid,46.674367,33.72865,0,X36
749,20100708,100,90,Zelenyy Pid,46.674,33.726617,0,X36
750,20100708,100,95,Zelenyy Pid,46.6746,33.706233,0,X36
751,20100708,100,90,Zelenyy Pid,46.674783,33.7054,0,X36
752,20100708,100,85,Zelenyy Pid,46.67475,33.704367,0,X36
753,20100708,100,90,Zelenyy Pid,46.676733,33.704567,0,X36
754,20100708,100,87,Zelenyy Pid,46.67755,33.704783,0,X36
755,20100708,100,80,Zelenyy Pid,46.683833,33.70575,0,X36
756,20100708,100,85,Zelenyy Pid,46.661317,33.739717,0,X36
757,20100708,100,75,Zelenyy Pid,46.689617,33.715117,0,X36
758,20100708,100,90,Zelenyy Pid,46.68025,33.7296,0,X36
759,20100708,100,95,Zelenyy Pid,46.680183,33.730367,0,X36
760,20100708,100,80,Zelenyy Pid,46.668117,33.735367,0,X36
761,20100708,100,85,Zelenyy Pid,46.668333,33.7351,0,X36
762,20100708,100,80,Zelenyy Pid,46.668633,33.734617,0,X36
763,20100708,100,85,Zelenyy Pid,46.668833,33.7343,0,X36
764,20100708,100,85,Zelenyy Pid,46.668533,33.7339,0,X36
765,20100708,100,80,Zelenyy Pid,46.66785,33.73365,0,X36
766,20100708,100,90,Zelenyy Pid,46.66765,33.733683,0,X36
767,20100707,,90,Pid na okol. s. Podivka,46.664417,33.814833,0,X36
768,20100707,,85,Pid na okol. s. Podivka,46.664467,33.81515,0,X36
769,20100707,,95,Pid na okol. s. Podivka,46.6663,33.818233,0,X36
770,20100707,,95,Pid na okol. s. Podivka,46.6644,33.81605,0,X36
771,20100725,100,85,Velykyy Chapelskyy Pid,46.503667,33.841517,0,X36
772,20100725,100,80,Velykyy Chapelskyy Pid,46.50405,33.841533,0,X36
773,20100725,100,75,Velykyy Chapelskyy Pid,46.504333,33.8419,0,X36
774,20100725,100,80,Velykyy Chapelskyy Pid,46.504683,33.842367,0,X36
775,20100725,100,75,Velykyy Chapelskyy Pid,46.505783,33.842733,0,X36
776,20100725,100,80,Velykyy Chapelskyy Pid,46.501667,33.842067,0,X36
777,20100725,100,87,Velykyy Chapelskyy Pid,46.501133,33.84235,0,X36
778,20100725,100,75,Velykyy Chapelskyy Pid,46.49685,33.8636,0,X36
779,20060701,0.5,50,Khrestivskyy Pid,46.443587,33.739214,0,X36
780,20060701,0.5,50,Khrestivskyy Pid,46.443585,33.738874,0,X36
781,20060701,0.5,55,Khrestivskyy Pid,46.443597,33.737763,0,X36
782,20060701,0.5,50,Khrestivskyy Pid,46.443595,33.734952,0,X36
783,20060701,1,90,Khrestivskyy Pid,46.443621,33.733568,0,X36
784,20060701,0.5,55,Khrestivskyy Pid,46.443603,33.732752,0,X36
785,20060701,0.5,50,Khrestivskyy Pid,46.443616,33.732038,0,X36
786,20060701,0.5,50,Khrestivskyy Pid,46.443612,33.731063,0,X36
787,20060701,0.5,60,Khrestivskyy Pid,46.443608,33.730021,0,X36
788,20060701,0.5,60,Khrestivskyy Pid,46.44362,33.728966,0,X36
789,20031011,100,60,Barnashivsky pid,46.536374,33.987651,,X36
791,20031012,100,100,Stara site,46.456212,33.915549,,X36
792,20031012,100,100,Stara site,46.456212,33.915549,,X36
793,20031012,100,100,Stara site,46.456212,33.915549,,X36
794,20031012,100,100,Stara site,46.456212,33.915549,,X36
795,20031012,80,100,Stara site,46.456212,33.915549,,X36
796,20031012,100,100,Stara site,46.456212,33.915549,,X36
797,20031012,70,97,Stara site,46.456536,33.911074,,R1B
798,20040408,100,70,Stara site,46.457332,33.905812,,R1B
799,20040409,100,50,Stara site,46.458399,33.918842,,X36
801,20040527,100,50,Agaymanskyy Pid,46.618698,34.198073,,X36
802,20040527,100,50,Agaymanskyy Pid,46.618698,34.198073,,X36
803,20040527,100,50,Agaymanskyy Pid,46.618698,34.198073,,X36
804,20040527,100,50,Agaymanskyy Pid,46.618698,34.198073,,X36
805,20040527,100,50,Agaymanskyy Pid,46.618698,34.198073,,X36
806,20040527,100,50,Agaymanskyy Pid,46.618698,34.198073,,X36
807,20040527,100,70,Agaymanskyy Pid,46.618698,34.198073,,X36
808,20040527,100,70,Agaymanskyy Pid,46.618698,34.198073,,X36
809,20040527,100,70,Agaymanskyy Pid,46.618698,34.198073,,X36
810,20040527,100,70,Agaymanskyy Pid,46.618698,34.198073,,X36
811,20040527,100,70,Agaymanskyy Pid,46.618698,34.198073,,X36
812,20040527,100,70,Agaymanskyy Pid,46.618698,34.198073,,X36
813,20040707,100,80,Velykyy Chepelskyy Pid,46.472931,33.869598,,X36
814,20040707,100,80,Velykyy Chepelskyy Pid,46.472931,33.869598,,X36
815,20040707,100,80,Velykyy Chepelskyy Pid,46.472931,33.869598,,X36
816,20040707,100,80,Velykyy Chepelskyy Pid,46.472931,33.869598,,X36
817,20040707,100,90,Velykyy Chepelskyy Pid,46.472931,33.869598,,X36
818,20040707,100,90,Velykyy Chepelskyy Pid,46.472931,33.869598,,X36
819,20040707,100,90,Velykyy Chepelskyy Pid,46.472931,33.869598,,X36
820,20040707,100,90,Velykyy Chepelskyy Pid,46.469281,33.857815,,X36
821,20040707,100,50,Velykyy Chepelskyy Pid,46.468823,33.85707,,X36
822,20040707,10,85,Velykyy Chepelskyy Pid,46.468276,33.856524,,X36
823,20040707,10,80,Velykyy Chepelskyy Pid,46.467819,33.855832,,X36
824,20040707,10,90,Velykyy Chepelskyy Pid,46.467427,33.855508,,X36
825,20040707,10,70,Velykyy Chepelskyy Pid,46.467017,33.855158,,X36
826,20040707,10,85,Velykyy Chepelskyy Pid,46.466634,33.854768,,X36
827,20040707,10,80,Velykyy Chepelskyy Pid,46.466287,33.854364,,X36
828,20040707,10,70,Velykyy Chepelskyy Pid,46.465977,33.854078,,X36
829,20040707,10,70,Velykyy Chepelskyy Pid,46.465402,33.853375,,X36
830,20040707,10,70,Velykyy Chepelskyy Pid,46.464854,33.852697,,X36
831,20040707,10,90,Velykyy Chepelskyy Pid,46.464016,33.851892,,X36
832,20040707,100,85,Velykyy Chepelskyy Pid,46.462644,33.852695,,X36
833,20040707,100,90,Velykyy Chepelskyy Pid,46.462644,33.852695,,X36
834,20040708,100,60,Agaymanskyy Pid,46.63998,34.193309,,X36
835,20040708,100,60,Agaymanskyy Pid,46.63998,34.193309,,X36
836,20040708,100,60,Agaymanskyy Pid,46.63998,34.193309,,X36
837,20040708,100,60,Agaymanskyy Pid,46.63998,34.193309,,X36
838,20040708,100,70,Agaymanskyy Pid,46.63998,34.193309,,X36
839,20040708,100,60,Agaymanskyy Pid,46.63998,34.193309,,X36
840,20040708,100,70,Agaymanskyy Pid,46.63998,34.193309,,X36
841,20040708,100,70,Agaymanskyy Pid,46.63998,34.193309,,X36
842,20040708,100,61,Agaymanskyy Pid,46.63998,34.193309,,X36
843,20040708,100,70,Agaymanskyy Pid,46.63998,34.193309,,X36
844,20040708,100,80,Agaymanskyy Pid,46.63998,34.193309,,X36
845,20040708,100,80,Agaymanskyy Pid,46.63998,34.193309,,X36
846,20040708,100,80,Agaymanskyy Pid,46.63998,34.193309,,X36
847,20040708,100,80,Agaymanskyy Pid,46.63998,34.193309,,X36
848,20040708,40,55,Agaymanskyy Pid,46.63998,34.193309,,X36
849,20040708,45,90,Agaymanskyy Pid,46.63998,34.193309,,X36
850,20040708,40,85,Agaymanskyy Pid,46.63998,34.193309,,X36
851,20040708,50,65,Agaymanskyy Pid,46.63998,34.193309,,X36
852,20040708,40,80,Agaymanskyy Pid,46.63998,34.193309,,X36
853,20040708,20,80,Agaymanskyy Pid,46.63998,34.193309,,X36
854,20040708,40,70,Agaymanskyy Pid,46.63998,34.193309,,X36
855,20040708,100,70,Agaymanskyy Pid,46.63998,34.193309,,X36
856,20040708,100,70,Agaymanskyy Pid,46.63998,34.193309,,X36
857,20040708,100,70,Agaymanskyy Pid,46.63998,34.193309,,X36
858,20040708,100,65,Agaymanskyy Pid,46.63998,34.193309,,X36
859,20040712,100,95,Stara site,46.456164,33.918493,,X36
860,20040712,100,95,Stara site,46.456164,33.918493,,X36
861,20040712,100,95,Stara site,46.456164,33.918493,,X36
862,20040712,100,95,Stara site,46.456164,33.918493,,X36
863,20040712,100,90,Stara site,46.456164,33.918493,,X36
864,20040712,100,90,Stara site,46.456164,33.918493,,X36
865,20040712,100,95,Stara site,46.456164,33.918493,,X36
866,20040712,100,90,Stara site,46.456164,33.918493,,X36
867,20040712,90,95,Stara site,46.456164,33.918493,,X36
868,20040712,100,90,Stara site,46.456164,33.918493,,X36
869,20040712,100,95,Stara site,46.456164,33.918493,,X36
870,20040712,100,95,Stara site,46.456164,33.918493,,X36
871,20040712,100,95,Stara site,46.456164,33.918493,,X36
872,20040712,100,95,Stara site,46.456164,33.918493,,X36
873,20040712,100,90,Stara site,46.456164,33.918493,,X36
874,20040712,100,95,Stara site,46.456164,33.918493,,X36
875,20040712,100,95,Stara site,46.456164,33.918493,,X36
876,20040712,100,95,Stara site,46.456164,33.918493,,X36
877,20040712,100,95,Stara site,46.456164,33.918493,,X36
878,20040712,100,95,Stara site,46.456164,33.918493,,X36
879,20040712,100,95,Stara site,46.456164,33.918493,,X36
880,20040713,5,100,Stara site,46.456164,33.918493,,X36
881,20040713,5,95,Stara site,46.456164,33.918493,,X36
882,20040713,100,60,Stara site,46.456164,33.918493,,X36
883,20040713,100,60,Stara site,46.456164,33.918493,,R1B
885,20040713,10,80,Stara site,46.456164,33.918493,,X36
895,20040713,4,95,Stara site,46.456164,33.918493,,X36
896,20040713,4,90,Stara site,46.456164,33.918493,,X36
897,20040713,100,95,Stara site,46.459357,33.908051,,R1B
900,20040718,100,30,Khrestivskyy Pid,46.445004,33.7202,,X36
901,20040718,100,40,Khrestivskyy Pid,46.445004,33.7202,,X36
902,20040718,100,40,Khrestivskyy Pid,46.445004,33.7202,,X36
903,20040718,100,40,Khrestivskyy Pid,46.445004,33.7202,,X36
904,20040718,100,30,Khrestivskyy Pid,46.445004,33.7202,,X36
905,20040718,100,30,Khrestivskyy Pid,46.445004,33.7202,,X36
906,20040718,100,20,Khrestivskyy Pid,46.445004,33.7202,,X36
907,20040718,100,20,Khrestivskyy Pid,46.445004,33.7202,,X36
908,20040718,100,50,Khrestivskyy Pid,46.445004,33.7202,,X36
909,20040718,100,30,Khrestivskyy Pid,46.445004,33.7202,,X36
910,20040718,100,50,Khrestivskyy Pid,46.445507,33.720464,,X36
911,20040718,100,65,Khrestivskyy Pid,46.445507,33.720464,,X36
912,20040718,100,65,Khrestivskyy Pid,46.445507,33.720464,,X36
913,20040718,100,65,Khrestivskyy Pid,46.445507,33.720464,,X36
914,20040718,100,70,Khrestivskyy Pid,46.445507,33.720464,,X36
915,20040718,100,80,Khrestivskyy Pid,46.445507,33.720464,,X36
916,20040718,100,50,Khrestivskyy Pid,46.445507,33.720464,,X36
917,20040718,100,65,Khrestivskyy Pid,46.445507,33.720464,,X36
918,20040718,100,65,Khrestivskyy Pid,46.445507,33.720464,,X36
919,20040718,100,80,Khrestivskyy Pid,46.445507,33.720464,,X36
930,20040718,100,65,Khrestivskyy Pid,46.437786,33.740333,,X36
931,20040718,100,65,Khrestivskyy Pid,46.437786,33.740333,,X36
932,20040718,100,65,Khrestivskyy Pid,46.437786,33.740333,,X36
933,20040718,100,65,Khrestivskyy Pid,46.437786,33.740333,,X36
934,20040718,100,65,Khrestivskyy Pid,46.437786,33.740333,,X36
935,20040722,20,95,Chorna dolyna,46.552786,33.478,,X36
936,20040722,16,80,Chorna dolyna,46.552786,33.478,,X36
937,20040722,6,70,Chorna dolyna,46.552786,33.478,,X36
938,20040722,4,70,Chorna dolyna,46.552786,33.478,,X36
939,20040722,25,80,Chorna dolyna,46.552786,33.478,,X36
940,20040722,100,80,Chorna dolyna,46.552786,33.478,,X36
941,20040722,12,90,Chorna dolyna,46.552786,33.478,,X36
942,20040722,25,95,Chorna dolyna,46.556028,33.473171,,X36
943,20040722,25,80,Chorna dolyna,46.556028,33.473171,,X36
944,20040722,8,80,Chorna dolyna,46.556028,33.473171,,X36
945,20040722,16,80,Chorna dolyna,46.556028,33.473171,,X36
946,20040722,8,80,Chorna dolyna,46.556028,33.473171,,X36
947,20040722,30,90,Chorna dolyna,46.556028,33.473171,,X36
948,20040722,50,90,Chorna dolyna,46.556028,33.473171,,X36
949,20040722,25,80,Chorna dolyna,46.556028,33.473171,,X36
950,20040722,100,80,Chorna dolyna,46.556028,33.473171,,X36
951,20040722,25,85,Chorna dolyna,46.556028,33.473171,,X36
952,20040722,25,80,Chorna dolyna,46.556028,33.473171,,X36
953,20040722,25,80,Chorna dolyna,46.556028,33.473171,,X36
954,20040722,25,80,Chorna dolyna,46.556028,33.473171,,X36
955,20040722,25,95,Chorna dolyna,46.556028,33.473171,,X36
956,20040722,25,95,Chorna dolyna,46.556028,33.473171,,X36
957,20040722,25,97,Chorna dolyna,46.556028,33.473171,,X36
958,20040722,25,97,Chorna dolyna,46.556028,33.473171,,X36
959,20040722,25,95,Chorna dolyna,46.556028,33.473171,,X36
960,20040812,100,85,Chorna dolyna,46.554472,33.467241,,X36
961,20040812,4,90,Chorna dolyna,46.554472,33.467241,,X36
962,20040812,4,80,Chorna dolyna,46.554472,33.467241,,X36
963,20040812,4,90,Chorna dolyna,46.554472,33.467241,,X36
964,20040812,4,90,Chorna dolyna,46.554472,33.467241,,X36
965,20040812,4,90,Chorna dolyna,46.554472,33.467241,,X36
966,20040812,4,90,Chorna dolyna,46.557254,33.472972,,X36
967,20040812,4,95,Chorna dolyna,46.557254,33.472972,,X36
968,20040812,16,90,Chorna dolyna,46.557254,33.472972,,X36
969,20040812,4,80,Chorna dolyna,46.557254,33.472972,,X36
970,20040812,4,95,Chorna dolyna,46.557254,33.472972,,X36
971,20040812,100,80,Chorna dolyna,46.557254,33.472972,,X36
972,20040812,9,80,Chorna dolyna,46.557254,33.472972,,X36
973,20040812,50,70,Chorna dolyna,46.557254,33.472972,,X36
974,20040812,16,65,Chorna dolyna,46.557254,33.472972,,X36
975,20040812,100,65,Chorna dolyna,46.557254,33.472972,,X36
976,20040812,25,65,Chorna dolyna,46.557254,33.472972,,X36
977,20040812,25,77,Chorna dolyna,46.557254,33.472972,,X36
978,20040812,25,70,Chorna dolyna,46.557254,33.472972,,X36
979,20040812,100,70,Chorna dolyna,46.557254,33.472972,,X36
980,20040812,4,75,Chorna dolyna,46.557254,33.472972,,X36
981,20040812,4,70,Chorna dolyna,46.557254,33.472972,,X36
982,20040812,100,80,Chorna dolyna,46.557254,33.472972,,X36
983,20040812,25,60,Chorna dolyna,46.5556,33.48395,,X36
984,20040812,100,90,Chorna dolyna,46.5556,33.48395,,X36
985,20040812,25,90,Chorna dolyna,46.5556,33.48395,,X36
986,20040812,4,90,Chorna dolyna,46.5556,33.48395,,X36
987,20040812,25,90,Chorna dolyna,46.5556,33.48395,,X36
988,20040812,25,90,Chorna dolyna,46.5556,33.48395,,X36
989,20040812,25,60,Chorna dolyna,46.5556,33.48395,,X36
990,20040812,4,60,Chorna dolyna,46.5556,33.48395,,X36
991,20040812,25,70,Chorna dolyna,46.5556,33.48395,,X36
992,20040812,4,60,Chorna dolyna,46.5556,33.48395,,X36
993,20040812,4,60,Chorna dolyna,46.5556,33.48395,,X36
994,20040812,100,90,Chorna dolyna,46.5556,33.48395,,X36
995,20040812,16,85,Chorna dolyna,46.557439,33.474467,,X36
996,20040812,16,85,Chorna dolyna,46.557439,33.474467,,X36
997,20040812,16,65,Chorna dolyna,46.557439,33.474467,,X36
998,20040812,4,80,Chorna dolyna,46.557439,33.474467,,X36
999,20040812,4,80,Chorna dolyna,46.557439,33.474467,,X36
1000,20040812,4,80,Chorna dolyna,46.557439,33.474467,,X36
1001,20040812,4,70,Chorna dolyna,46.5556,33.48395,,X36
1002,20040812,4,80,Chorna dolyna,46.5556,33.48395,,X36
1003,20040812,25,80,Chorna dolyna,46.5556,33.48395,,X36
1006,20040819,36,70,Velykyy Chepelskyy Pid,46.466973,33.874286,,R1B
1007,20040819,36,80,Velykyy Chepelskyy Pid,46.466419,33.874429,,R1B
1008,20040819,36,80,Velykyy Chepelskyy Pid,46.466419,33.874429,,R1B
1009,20040819,80,80,Velykyy Chepelskyy Pid,46.466973,33.874286,,X36
1010,20050516,9,90,Stara site,46.462707,33.91405,,X36
1011,20050516,9,90,Stara site,46.462707,33.91405,,X36
1012,20050516,9,90,Stara site,46.462707,33.91405,,X36
1013,20050516,9,90,Stara site,46.462707,33.91405,,X36
1014,20050516,9,90,Stara site,46.462707,33.91405,,X36
1015,20050516,9,90,Stara site,46.462707,33.91405,,X36
1016,20050516,9,90,Stara site,46.462707,33.91405,,X36
1017,20050516,9,90,Stara site,46.462707,33.91405,,X36
1018,20050516,9,90,Stara site,46.462707,33.91405,,X36
1019,20050516,9,70,Stara site,46.462707,33.91405,,X36
1020,20050516,9,70,Stara site,46.462707,33.91405,,X36
1021,20050516,9,90,Stara site,46.462707,33.91405,,X36
1022,20050516,9,90,Stara site,46.462707,33.91405,,X36
1023,20050516,9,90,Stara site,46.462707,33.91405,,X36
1024,20050516,9,90,Stara site,46.462707,33.91405,,X36
1025,20050516,9,90,Stara site,46.462707,33.91405,,X36
1026,20050516,9,70,Stara site,46.462707,33.91405,,X36
1027,20050516,9,90,Stara site,46.462707,33.91405,,X36
1028,20050516,9,90,Stara site,46.462707,33.91405,,X36
1029,20050516,9,90,Stara site,46.462707,33.91405,,X36
1030,20050516,9,90,Stara site,46.462707,33.91405,,X36
1031,20050516,9,90,Stara site,46.462707,33.91405,,X36
1032,20050516,9,90,Stara site,46.462707,33.91405,,X36
1033,20050516,9,90,Stara site,46.462707,33.91405,,X36
1034,20050516,9,90,Stara site,46.462707,33.91405,,X36
1035,20050516,9,90,Stara site,46.462707,33.91405,,X36
1036,20050516,9,90,Stara site,46.462707,33.91405,,X36
1037,20050516,9,90,Stara site,46.462707,33.91405,,X36
1038,20050516,9,90,Stara site,46.462707,33.91405,,X36
1039,20050516,9,90,Stara site,46.462707,33.91405,,X36
1040,20050516,9,90,Stara site,46.462707,33.91405,,X36
1041,20050516,9,70,Stara site,46.462707,33.91405,,X36
1042,20050516,9,90,Stara site,46.462707,33.91405,,X36
1043,20050516,9,90,Stara site,46.462707,33.91405,,X36
1044,20050516,9,90,Stara site,46.462707,33.91405,,X36
1045,20050516,9,90,Stara site,46.462707,33.91405,,X36
1046,20050516,9,90,Stara site,46.462707,33.91405,,X36
1047,20050516,9,90,Stara site,46.462707,33.91405,,X36
1048,20050516,9,90,Stara site,46.462707,33.91405,,X36
1049,20050516,9,90,Stara site,46.462707,33.91405,,X36
1050,20050516,9,90,Stara site,46.462707,33.91405,,X36
1051,20050516,9,90,Stara site,46.462707,33.91405,,X36
1052,20050516,9,90,Stara site,46.462707,33.91405,,X36
1053,20050516,9,90,Stara site,46.462707,33.91405,,X36
1054,20050516,9,90,Stara site,46.462707,33.91405,,X36
1055,20050516,9,90,Stara site,46.462707,33.91405,,X36
1056,20050516,9,90,Stara site,46.462707,33.91405,,X36
1057,20050516,9,70,Stara site,46.462707,33.91405,,X36
1058,20050516,9,50,Stara site,46.462707,33.91405,,X36
1059,20050516,9,70,Stara site,46.462707,33.91405,,X36
1060,20050516,9,90,Stara site,46.462707,33.91405,,X36
1061,20050516,9,90,Stara site,46.462707,33.91405,,X36
1062,20050516,16,90,Stara site,46.462707,33.91405,,X36
1063,20050516,9,50,Stara site,46.462707,33.91405,,X36
1064,20050516,16,50,Stara site,46.462707,33.91405,,X36
1065,20050516,9,90,Stara site,46.462707,33.91405,,X36
1066,20050516,9,90,Stara site,46.462707,33.91405,,X36
1067,20050516,9,90,Stara site,46.462707,33.91405,,X36
1068,20050516,30,90,Stara site,46.462707,33.91405,,X36
1069,20050516,40,90,Stara site,46.462707,33.91405,,X36
1070,20050521,100,97,Stara site,46.455316,33.915029,,X36
1071,20050521,100,97,Stara site,46.455316,33.915029,,X36
1072,20050521,60,97,Stara site,46.455316,33.915029,,X36
1073,20050521,40,97,Stara site,46.455316,33.915029,,X36
1074,20050521,9,97,Stara site,46.455316,33.915029,,X36
1075,20050521,9,97,Stara site,46.455316,33.915029,,X36
1076,20050521,50,80,Stara site,46.455316,33.915029,,X36
1077,20050521,9,97,Stara site,46.455316,33.915029,,X36
1078,20050521,9,97,Stara site,46.455316,33.915029,,X36
1079,20050521,9,90,Stara site,46.455316,33.915029,,X36
1080,20050521,9,70,Stara site,46.455316,33.915029,,X36
1081,20050521,9,97,Stara site,46.455316,33.915029,,X36
1082,20050521,9,97,Stara site,46.455316,33.915029,,X36
1083,20050521,16,97,Stara site,46.455316,33.915029,,X36
1084,20050517,9,80,Velykyy Chepelskyy Pid,46.476654,33.862878,,X36
1085,20050517,9,80,Velykyy Chepelskyy Pid,46.476654,33.862878,,X36
1086,20050517,9,90,Velykyy Chepelskyy Pid,46.476654,33.862878,,X36
1087,20050517,9,80,Velykyy Chepelskyy Pid,46.476654,33.862878,,X36
1088,20050517,9,80,Velykyy Chepelskyy Pid,46.476654,33.862878,,X36
1089,20050517,9,80,Velykyy Chepelskyy Pid,46.476654,33.862878,,X36
1090,20050517,9,80,Velykyy Chepelskyy Pid,46.476654,33.862878,,X36
1091,20050517,9,80,Velykyy Chepelskyy Pid,46.476654,33.862878,,X36
1092,20050517,9,80,Velykyy Chepelskyy Pid,46.476654,33.862878,,X36
1093,20050517,9,80,Velykyy Chepelskyy Pid,46.476654,33.862878,,X36
1094,20050517,9,80,Velykyy Chepelskyy Pid,46.476654,33.862878,,X36
1095,20050517,9,80,Velykyy Chepelskyy Pid,46.476654,33.862878,,X36
1096,20050517,9,80,Velykyy Chepelskyy Pid,46.476654,33.862878,,X36
1097,20050517,9,80,Velykyy Chepelskyy Pid,46.476654,33.862878,,X36
1098,20050517,4,80,Velykyy Chepelskyy Pid,46.476654,33.862878,,X36
1099,20050517,4,80,Velykyy Chepelskyy Pid,46.476654,33.862878,,X36
1100,20050517,4,80,Velykyy Chepelskyy Pid,46.476654,33.862878,,X36
1101,20050517,4,80,Velykyy Chepelskyy Pid,46.476654,33.862878,,X36
1102,20050517,4,80,Velykyy Chepelskyy Pid,46.476654,33.862878,,X36
1103,20050517,4,100,Velykyy Chepelskyy Pid,46.476654,33.862878,,X36
1104,20050517,4,80,Velykyy Chepelskyy Pid,46.476654,33.862878,,X36
1105,20050517,4,80,Velykyy Chepelskyy Pid,46.476654,33.862878,,X36
1106,20050517,4,80,Velykyy Chepelskyy Pid,46.476654,33.862878,,X36
1107,20050517,4,100,Velykyy Chepelskyy Pid,46.476654,33.862878,,X36
1108,20050517,30,80,Velykyy Chepelskyy Pid,46.476654,33.862878,,X36
1109,20050517,9,80,Velykyy Chepelskyy Pid,46.476654,33.862878,,X36
1110,20050517,9,80,Velykyy Chepelskyy Pid,46.476654,33.862878,,X36
1111,20050517,9,80,Velykyy Chepelskyy Pid,46.476654,33.862878,,X36
1112,20050517,9,80,Velykyy Chepelskyy Pid,46.476654,33.862878,,X36
1113,20050517,9,70,Velykyy Chepelskyy Pid,46.476654,33.862878,,X36
1114,20050522,40,80,Velykyy Chepelskyy Pid,46.461869,33.849159,,R1B
1115,20050522,40,80,Velykyy Chepelskyy Pid,46.461869,33.849159,,R1B
1116,20050522,40,80,Velykyy Chepelskyy Pid,46.461869,33.849159,,R1B
1117,20050522,40,80,Velykyy Chepelskyy Pid,46.461869,33.849159,,R1B
1118,20050522,40,80,Velykyy Chepelskyy Pid,46.461869,33.849159,,R1B
1119,20050522,40,80,Velykyy Chepelskyy Pid,46.461869,33.849159,,R1B
1120,20050522,40,70,Velykyy Chepelskyy Pid,46.461869,33.849159,,R1B
1122,20050522,4,80,Velykyy Chepelskyy Pid,46.461869,33.849159,,R1B
1123,20050522,40,80,Velykyy Chepelskyy Pid,46.461869,33.849159,,R1B
1124,20050522,16,70,Velykyy Chepelskyy Pid,46.461869,33.849159,,X36
1125,20050522,16,70,Velykyy Chepelskyy Pid,46.461869,33.849159,,X36
1126,20050522,16,70,Velykyy Chepelskyy Pid,46.461869,33.849159,,X36
1127,20080603,25,80,Pivdenna site. litter in sm,46.453898,33.953524,,R1B
1128,20080603,25,70,Pivdenna site. litter in sm,46.453898,33.953524,,R1B
1129,20080603,25,60,Pivdenna site. litter in sm,46.453898,33.953524,,R1B
1130,20080603,25,65,Pivdenna site. litter in sm,46.453898,33.953524,,R1B
1131,20080603,50,65,Pivdenna site. litter in sm,46.453898,33.953524,,R1B
1132,20080603,25,80,Pivdenna site. litter in sm,46.453898,33.953524,,R1B
1133,20080603,100,70,Pivdenna site. litter in sm,46.453898,33.953524,,R1B
1134,20080612,100,95,Khrestivskyy Pid,46.431859,33.738174,,X36
1135,20080613,100,90,Velykyy Chapelskyy Pid,46.473236,33.862218,,X36
1136,20080613,100,80,Velykyy Chapelskyy Pid,46.473236,33.862218,,X36
1137,20080613,100,90,Velykyy Chapelskyy Pid,46.473236,33.862218,,X36
1138,20080708,9,70,Velykyy Chapelskyy Pid,46.478825,33.855557,,X36
1139,20080708,4,80,Velykyy Chapelskyy Pid,46.478825,33.855557,,X36
1140,20080708,4,90,Velykyy Chapelskyy Pid,46.478825,33.855557,,X36
1141,20080708,4,30,Velykyy Chapelskyy Pid,46.478825,33.855557,,X36
1142,20080708,4,50,Velykyy Chapelskyy Pid,46.478825,33.855557,,X36
1143,20080708,9,40,Velykyy Chapelskyy Pid,46.478825,33.855557,,X36
1144,20080708,4,60,Velykyy Chapelskyy Pid,46.478825,33.855557,,X36
1145,20090606,100,80,Velykyy Chapelskyy Pid,46.469309,33.857419,,X36
1146,20090606,100,85,Velykyy Chapelskyy Pid,46.469309,33.857419,,X36
1147,20090606,100,90,Velykyy Chapelskyy Pid,46.469309,33.857419,,X36
1148,20060629,9,90,Velykyy Chapelskyy Pid. zag.7,46.470344,33.875904,0,R1B
1149,20060629,6,80,Velykyy Chapelskyy Pid. zag.7,46.471007,33.876541,0,R1B
1150,20060629,9,70,Velykyy Chapelskyy Pid. zag.7,46.471591,33.876821,0,R1B
1151,20060629,9,80,Velykyy Chapelskyy Pid. zag.7,46.471889,33.876838,0,R1B
1152,20060629,9,90,Velykyy Chapelskyy Pid. zag.7,46.472123,33.876912,0,R1B
1153,20060629,9,80,Velykyy Chapelskyy Pid. zag.7,46.472771,33.877116,0,R1B
1154,20060629,9,80,Velykyy Chapelskyy Pid. zag.7,46.473277,33.87717,0,R1B
1155,20060629,9,97,Velykyy Chapelskyy Pid. zag.7,46.473822,33.877262,0,R1B
1156,20060629,9,90,Velykyy Chapelskyy Pid. zag.7,46.474289,33.877316,0,R1B
1157,20060629,9,90,Velykyy Chapelskyy Pid. zag.7,46.4746,33.877295,0,R1B
1158,19700402,100,20,Stara site,46.457816,33.915911,44,X36
1159,19700427,100,55,Stara site,46.457816,33.915911,44,X36
1160,19700528,100,70,Stara site,46.457816,33.915911,44,X36
1161,19700629,100,70,Stara site,46.457816,33.915911,44,X36
1162,19700729,100,60,Stara site,46.457816,33.915911,44,X36
1163,19700907,100,60,Stara site,46.457816,33.915911,44,X36
1164,19710506,100,75,Stara site,46.457816,33.915911,44,X36
1165,19710603,100,75,Stara site,46.457816,33.915911,44,X36
1166,19710709,100,40,Stara site,46.457816,33.915911,44,X36
1167,19710831,100,15,Stara site,46.457816,33.915911,44,X36
1168,19710928,100,10,Stara site,46.457816,33.915911,44,X36
1181,19710604,100,98,Stara site,46.456941,33.909996,43,X36
1184,19710928,100,30,Stara site,46.456941,33.909996,43,X36
1185,19710507,100,90,Stara site,46.456941,33.909996,43,R1B
1186,19710604,100,90,Stara site,46.456941,33.909996,43,R1B
1187,19710712,100,70,Stara site,46.456941,33.909996,43,R1B
1188,19710901,100,50,Stara site,46.456941,33.909996,43,R1B
1189,19710929,100,50,Stara site,46.456941,33.909996,43,R1B
1191,19710604,100,85,Stara site,46.456941,33.909996,43,R1B
1192,19710709,100,30,Stara site,46.456941,33.909996,43,R1B
1195,19710503,100,80,Stara site,46.457308,33.905745,43,R1B
1196,19710602,100,80,Stara site,46.457308,33.905745,43,R1B
1197,19710708,100,65,Stara site,46.457308,33.905745,43,R1B
1198,19710830,100,20,Stara site,46.457308,33.905745,43,R1B
1199,19710927,100,15,Stara site,46.457308,33.905745,43,R1B
1200,19700401,100,50,Stara site,46.457308,33.905745,43,R1B
1201,19700428,100,60,Stara site,46.457308,33.905745,43,R1B
1202,19700530,100,70,Stara site,46.457308,33.905745,43,R1B
1203,19700630,100,65,Stara site,46.457308,33.905745,43,R1B
1204,19700830,100,65,Stara site,46.457308,33.905745,43,R1B
1205,19700907,100,65,Stara site,46.457308,33.905745,43,R1B
1206,19710504,100,75,Stara site,46.457308,33.905745,43,R1B
1207,19710603,100,75,Stara site,46.457308,33.905745,43,R1B
1208,19710709,100,60,Stara site,46.457308,33.905745,43,R1B
1210,19710928,100,15,Stara site,46.457308,33.905745,43,R1B
1211,19710504,100,75,Stara site,46.457308,33.905745,43,R1B
1212,19710602,100,75,Stara site,46.457308,33.905745,43,R1B
1213,19710708,100,60,Stara site,46.457308,33.905745,43,R1B
1216,19710504,100,75,Stara site,46.457308,33.905745,43,R1B
1217,19710603,100,75,Stara site,46.457308,33.905745,43,R1B
1218,19710708,100,60,Stara site,46.457308,33.905745,43,R1B
1220,19710927,100,11,Stara site,46.457308,33.905745,43,R1B
1221,19860418,100,,Pivdenna site. litter in sm,46.45377,34.006562,68,R1B
1222,19860610,100,,Pivdenna site. litter in sm,46.45377,34.006562,68,R1B
1223,19860910,100,,Pivdenna site. litter in sm,46.45377,34.006562,68,R1B
1224,19870515,100,,Pivdenna site. litter in sm,46.45377,34.006562,68,R1B
1225,19870615,100,,Pivdenna site. litter in sm,46.45377,34.006562,68,R1B
1229,19880926,100,,Pivdenna site. litter in sm,46.45377,34.006562,68,R1B
1230,19890511,100,,Pivdenna site. litter in sm,46.45377,34.006562,68,R1B
1231,19890704,100,,Pivdenna site. litter in sm,46.45377,34.006562,68,R1B
1232,19900402,100,,Pivdenna site. litter in sm,46.45377,34.006562,68,R1B
1233,19900531,100,,Pivdenna site. litter in sm,46.45377,34.006562,68,R1B
1234,19900926,100,,Pivdenna site. litter in sm,46.45377,34.006562,68,R1B
1235,19860417,100,,Pivdenna site. litter in sm,46.448666,34.010831,80,R1B
1236,19860610,100,,Pivdenna site. litter in sm,46.448666,34.010831,80,R1B
1237,19860910,100,,Pivdenna site. litter in sm,46.448666,34.010831,80,R1B
1238,19870518,100,,Pivdenna site. litter in sm,46.448666,34.010831,80,R1B
1239,19870616,100,,Pivdenna site. litter in sm,46.448666,34.010831,80,R1B
1240,19870924,100,,Pivdenna site. litter in sm,46.448666,34.010831,80,R1B
1241,19880429,100,,Pivdenna site. litter in sm,46.448666,34.010831,80,R1B
1242,19880616,100,,Pivdenna site. litter in sm,46.448666,34.010831,80,R1B
1243,19880928,100,,Pivdenna site. litter in sm,46.448666,34.010831,80,R1B
1244,19890512,100,,Pivdenna site. litter in sm,46.448666,34.010831,80,R1B
1245,19890630,100,,Pivdenna site. litter in sm,46.448666,34.010831,80,R1B
1246,19900403,100,,Pivdenna site. litter in sm,46.448666,34.010831,80,R1B
1247,19900607,100,,Pivdenna site. litter in sm,46.448666,34.010831,80,R1B
1248,19860416,100,,Pivdenna site. litter in sm,46.448666,34.010831,80,R1B
1249,19860609,100,,Pivdenna site. litter in sm,46.448666,34.010831,80,R1B
1250,19860911,100,,Pivdenna site. litter in sm,46.448666,34.010831,80,R1B
1251,19870519,100,,Pivdenna site. litter in sm,46.448666,34.010831,80,R1B
1252,19870617,100,,Pivdenna site. litter in sm,46.448666,34.010831,80,R1B
1253,19870925,100,,Pivdenna site. litter in sm,46.448666,34.010831,80,R1B
1254,19880506,100,,Pivdenna site. litter in sm,46.448666,34.010831,80,R1B
1255,19880620,100,,Pivdenna site. litter in sm,46.448666,34.010831,80,R1B
1256,19880928,100,,Pivdenna site. litter in sm,46.448666,34.010831,80,R1B
1257,19890512,100,,Pivdenna site. litter in sm,46.448666,34.010831,80,R1B
1258,19890630,100,,Pivdenna site. litter in sm,46.448666,34.010831,80,R1B
1259,19900405,100,,Pivdenna site. litter in sm,46.448666,34.010831,80,R1B
1260,19900607,100,,Pivdenna site. litter in sm,46.448666,34.010831,80,R1B
1261,19860415,100,,Pivdenna site. litter in sm,46.448666,34.010831,80,R1B
1262,19860609,100,,Pivdenna site. litter in sm,46.448666,34.010831,80,R1B
1263,19860911,100,,Pivdenna site. litter in sm,46.448666,34.010831,80,R1B
1264,19870519,100,,Pivdenna site. litter in sm,46.448666,34.010831,80,R1B
1265,19870617,100,,Pivdenna site. litter in sm,46.448666,34.010831,80,R1B
1266,19870924,100,,Pivdenna site. litter in sm,46.448666,34.010831,80,R1B
1267,19880506,100,,Pivdenna site. litter in sm,46.448666,34.010831,80,R1B
1268,19880617,100,,Pivdenna site. litter in sm,46.448666,34.010831,80,R1B
1269,19880928,100,,Pivdenna site. litter in sm,46.448666,34.010831,80,R1B
1270,19890512,100,,Pivdenna site. litter in sm,46.448666,34.010831,80,R1B
1271,19890704,100,,Pivdenna site. litter in sm,46.448666,34.010831,80,R1B
1272,19900405,100,,Pivdenna site. litter in sm,46.448666,34.010831,80,R1B
1273,19900607,100,,Pivdenna site. litter in sm,46.448666,34.010831,80,R1B
1274,19860422,100,,Pivdenna site. litter in sm,46.448666,34.010831,80,R1B
1275,19860612,100,,Pivdenna site. litter in sm,46.448666,34.010831,80,R1B
1276,19860912,100,,Pivdenna site. litter in sm,46.448666,34.010831,80,R1B
1277,19870525,100,,Pivdenna site. litter in sm,46.448666,34.010831,80,R1B
1278,19870622,100,,Pivdenna site. litter in sm,46.448666,34.010831,80,R1B
1279,19880507,100,,Pivdenna site. litter in sm,46.448666,34.010831,80,R1B
1280,19880621,100,,Pivdenna site. litter in sm,46.448666,34.010831,80,R1B
1281,19890513,100,,Pivdenna site. litter in sm,46.448666,34.010831,80,R1B
1282,19890701,100,,Pivdenna site. litter in sm,46.448666,34.010831,80,R1B
1283,19900410,100,,Pivdenna site. litter in sm,46.448666,34.010831,80,R1B
1284,19900614,100,,Pivdenna site. litter in sm,46.448666,34.010831,80,R1B
1285,19850528,100,,Pivdenna site. litter in sm,46.448666,34.010831,80,R1B
1286,19860422,100,,Pivdenna site. litter in sm,46.448666,34.010831,80,R1B
1287,19860612,100,,Pivdenna site. litter in sm,46.448666,34.010831,80,R1B
1288,19860912,100,,Pivdenna site. litter in sm,46.448666,34.010831,80,R1B
1289,19870512,100,,Pivdenna site. litter in sm,46.448666,34.010831,80,R1B
1290,19870622,100,,Pivdenna site. litter in sm,46.448666,34.010831,80,R1B
1291,19880507,100,,Pivdenna site. litter in sm,46.448666,34.010831,80,R1B
1292,19880621,100,,Pivdenna site. litter in sm,46.448666,34.010831,80,R1B
1293,19890513,100,,Pivdenna site. litter in sm,46.448666,34.010831,80,R1B
1294,19890710,100,,Pivdenna site. litter in sm,46.448666,34.010831,80,R1B
1295,19900410,100,,Pivdenna site. litter in sm,46.448666,34.010831,80,R1B
1296,19820507,100,,Pivdenna site. litter in sm,46.449414,34.023469,81,R1B
1297,19820625,100,,Pivdenna site. litter in sm,46.449414,34.023469,81,R1B
1298,19830426,100,,Pivdenna site. litter in sm,46.449414,34.023469,81,R1B
1299,19830624,100,,Pivdenna site. litter in sm,46.449414,34.023469,81,R1B
1300,19840427,100,,Pivdenna site. litter in sm,46.449414,34.023469,81,R1B
1301,19840711,100,,Pivdenna site. litter in sm,46.449414,34.023469,81,R1B
1305,19860611,100,,Pivdenna site. litter in sm,46.449414,34.023469,81,R1B
1307,19830708,100,,Pivdenna site. litter in sm,46.45377,34.006562,68,R1B
1311,19850523,100,,Pivdenna site. litter in sm,46.45377,34.006562,68,R1B
1312,19860429,100,,Pivdenna site. litter in sm,46.45377,34.006562,68,R1B
1313,19860616,100,,Pivdenna site. litter in sm,46.45377,34.006562,68,R1B
1315,19870521,100,,Pivdenna site. litter in sm,46.45377,34.006562,68,R1B
1316,19870618,100,,Pivdenna site. litter in sm,46.45377,34.006562,68,R1B
1321,19890707,100,,Pivdenna site. litter in sm,46.45377,34.006562,68,R1B
1322,19900410,100,,Pivdenna site. litter in sm,46.45377,34.006562,68,R1B
1323,19900614,100,,Pivdenna site. litter in sm,46.45377,34.006562,68,R1B
1324,19900927,100,,Pivdenna site. litter in sm,46.45377,34.006562,68,R1B
1325,19900503,100,,Pivdenna site. litter in sm,46.448666,34.010831,80,R1B
1326,19840710,100,,Pivdenna site. litter in sm,46.448666,34.010831,80,R1B
1327,19840921,100,,Pivdenna site. litter in sm,46.448666,34.010831,80,R1B
1328,19850524,100,,Pivdenna site. litter in sm,46.448666,34.010831,80,R1B
1329,19860429,100,,Pivdenna site. litter in sm,46.448666,34.010831,80,R1B
1330,19860617,100,,Pivdenna site. litter in sm,46.448666,34.010831,80,R1B
1331,19860912,100,,Pivdenna site. litter in sm,46.448666,34.010831,80,R1B
1332,19870522,100,,Pivdenna site. litter in sm,46.448666,34.010831,80,R1B
1333,19870618,100,,Pivdenna site. litter in sm,46.448666,34.010831,80,R1B
1334,19880429,100,,Pivdenna site. litter in sm,46.448666,34.010831,80,R1B
1335,19880617,100,,Pivdenna site. litter in sm,46.448666,34.010831,80,R1B
1336,19890513,100,,Pivdenna site. litter in sm,46.448666,34.010831,80,R1B
1337,19890702,100,,Pivdenna site. litter in sm,46.448666,34.010831,80,R1B
1338,19900410,100,,Pivdenna site. litter in sm,46.448666,34.010831,80,R1B
1339,19900614,100,,Pivdenna site. litter in sm,46.448666,34.010831,80,R1B
1340,19900927,100,,Pivdenna site. litter in sm,46.448666,34.010831,80,R1B
1364,19690410,100,45,Stara site,46.457308,33.905745,43,R1B
1365,19690521,100,70,Stara site,46.457308,33.905745,43,R1B
1366,19690623,100,70,Stara site,46.457308,33.905745,43,R1B
1367,19690805,100,70,Stara site,46.457308,33.905745,43,R1B
1368,19690827,100,65,Stara site,46.457308,33.905745,43,R1B
1369,19690929,100,65,Stara site,46.457308,33.905745,43,R1B
1370,19690417,100,50,Stara site,46.456941,33.909996,43,R1B
1371,19690520,100,80,Stara site,46.456941,33.909996,43,R1B
1372,19690624,100,90,Stara site,46.456941,33.909996,43,R1B
1373,19690805,100,95,Stara site,46.456941,33.909996,43,R1B
1374,19690828,100,90,Stara site,46.456941,33.909996,43,R1B
1375,19690930,100,90,Stara site,46.456941,33.909996,43,R1B
1376,19690414,100,50,Stara site,46.457308,33.905745,43,R1B
1377,19690520,100,80,Stara site,46.457308,33.905745,43,R1B
1378,19690623,100,85,Stara site,46.457308,33.905745,43,R1B
1379,19690807,100,80,Stara site,46.457308,33.905745,43,R1B
1380,19690827,100,80,Stara site,46.457308,33.905745,43,R1B
1381,19690929,100,75,Stara site,46.457308,33.905745,43,R1B
1385,19690805,100,70,Stara site,46.456941,33.909996,43,R1B
1388,19690414,100,45,Stara site,46.457308,33.905745,43,R1B
1389,19690521,100,70,Stara site,46.457308,33.905745,43,R1B
1390,19690623,100,70,Stara site,46.457308,33.905745,43,R1B
1391,19690805,100,65,Stara site,46.457308,33.905745,43,R1B
1392,19690827,100,65,Stara site,46.457308,33.905745,43,R1B
1393,19690929,100,65,Stara site,46.457308,33.905745,43,R1B
1394,19690414,100,20,Stara site,46.457816,33.915911,44,X36
1395,19690624,100,65,Stara site,46.457816,33.915911,44,X36
1396,19690523,100,65,Stara site,46.457816,33.915911,44,X36
1397,19690805,100,60,Stara site,46.457816,33.915911,44,X36
1398,19690828,100,55,Stara site,46.457816,33.915911,44,X36
1399,19690927,100,45,Stara site,46.457816,33.915911,44,X36
1400,19690410,100,50,Stara site,46.46229,33.905008,43,R1B
1401,19690521,100,80,Stara site,46.46229,33.905008,43,R1B
1402,19690623,100,85,Stara site,46.46229,33.905008,43,R1B
1403,19690807,100,80,Stara site,46.46229,33.905008,43,R1B
1404,19692708,100,75,Stara site,46.46229,33.905008,43,R1B
1405,19690929,100,75,Stara site,46.46229,33.905008,43,R1B
1407,19690523,100,99,Stara site,46.456941,33.909996,43,X36
1408,19690624,100,99,Stara site,46.456941,33.909996,43,X36
1409,19690805,100,99,Stara site,46.456941,33.909996,43,X36
1410,19690828,100,40,Stara site,46.456941,33.909996,43,X36
1411,19690930,100,35,Stara site,46.456941,33.909996,43,X36
1418,19740425,100,50,Stara site,46.46229,33.905008,43,R1B
1419,19740530,100,65,Stara site,46.46229,33.905008,43,R1B
1420,19740626,100,70,Stara site,46.46229,33.905008,43,R1B
1421,19740731,100,60,Stara site,46.46229,33.905008,43,R1B
1422,19740826,100,50,Stara site,46.46229,33.905008,43,R1B
1423,19740426,100,50,Stara site,46.46229,33.905008,43,R1B
1424,19740528,100,58,Stara site,46.46229,33.905008,43,R1B
1425,19740626,100,55,Stara site,46.46229,33.905008,43,R1B
1426,19740731,100,55,Stara site,46.46229,33.905008,43,R1B
1427,19740827,100,,Stara site,46.46229,33.905008,43,R1B
1436,19740730,100,25,Stara site,46.456941,33.909996,43,X36
1438,19740425,100,50,Stara site,46.457308,33.905745,43,R1B
1439,19740527,100,60,Stara site,46.457308,33.905745,43,R1B
1440,19740626,100,60,Stara site,46.457308,33.905745,43,R1B
1441,19740731,100,55,Stara site,46.457308,33.905745,43,R1B
1442,19740826,100,45,Stara site,46.457308,33.905745,43,R1B
1443,19740425,100,50,Stara site,46.457308,33.905745,43,R1B
1444,19740530,100,60,Stara site,46.457308,33.905745,43,R1B
1445,19740626,100,60,Stara site,46.457308,33.905745,43,R1B
1446,19740731,100,60,Stara site,46.457308,33.905745,43,R1B
1447,19740826,100,45,Stara site,46.457308,33.905745,43,R1B
1454,19740531,100,45,Stara site,46.457816,33.915911,44,X36
1455,19740625,100,50,Stara site,46.457816,33.915911,44,X36
1456,19740730,100,50,Stara site,46.457816,33.915911,44,X36
1457,19740829,100,20,Stara site,46.457816,33.915911,44,X36
1463,19690408,100,60,Pivdenna site,46.466745,33.905113,26,R1B
1464,19690516,100,75,Pivdenna site,46.466745,33.905113,26,R1B
1465,19690707,100,65,Pivdenna site,46.466745,33.905113,26,R1B
1466,19690909,100,60,Pivdenna site,46.466745,33.905113,26,R1B
1467,20120520,100,30,Novotrojitzky pid,46.31845,34.357233,,X36
1468,20120520,100,25,Novotrojitzky pid,46.31855,34.357967,,X36
1469,20120520,100,25,Novotrojitzky pid,46.31865,34.3587,,X36
1470,20120602,100,80,Novotrojitzky pid,46.29895,34.31655,,R1B
1471,20120602,100,70,Novotrojitzky pid,46.31555,34.325617,,R1B
1473,20090605,9,60,Pivdenna site,46.454249,34.007071,68,R1B
1474,20090605,16,50,Pivdenna site,46.454249,34.007071,68,R1B
1475,20090605,16,50,Pivdenna site,46.454249,34.007071,68,R1B
1476,20090605,9,70,Pivdenna site,46.454249,34.007071,68,R1B
1477,20090605,16,45,Pivdenna site,46.454249,34.007071,68,R1B
1479,20090605,4,80,Pivdenna site,46.454249,34.007071,68,R1B
1480,20090605,16,85,Pivdenna site,46.454249,34.007071,68,R1B
1481,20090605,16,70,Pivdenna site,46.454249,34.007071,68,R1B
1482,20090605,16,65,Pivdenna site,46.454249,34.007071,68,R1B
1483,20120603,100,80,Novotrojitzky pid,46.325417,34.357667,,X36
1485,20120603,100,70,Novotrojitzky pid,46.32425,34.359133,,X36
1489,20130621,100,40,Stara site,46.456233,33.895567,,R1B
1490,20160519,100,90,Novoetapsky perelig,46.462417,33.887617,42,R1B
1491,20160519,100,65,Novoetapsky perelig,46.463017,33.888833,42,R1B
1492,20160519,100,90,Novoetapsky perelig,46.46305,33.8886,42,R1B
1493,20160523,100,97,Novoetapsky perelig,46.470683,33.899717,42,R1B
1494,20160524,100,90,Novoetapsky perelig,46.4707,33.891667,42,R1B
1495,20160524,100,85,Novoetapsky perelig,46.470417,33.891533,42,R1B
1496,20160524,100,85,Novoetapsky perelig,46.47035,33.891317,42,R1B
1497,20170601,100,90,Stara site,46.4542,33.88575,59,R1B
1498,20190612,100,90,Stary perelig,46.480117,34.060433,38,R1B
1499,20190612,100,95,Stary perelig,46.4827,34.05925,38,R1B
1503,20190612,100,95,Stary perelig,46.481133,34.0579,38,R1B
1504,20190612,100,100,Stary perelig,46.48075,34.057717,38,R1B
1505,20190612,100,95,Stary perelig,46.4808,34.058217,38,R1B
1506,20190612,100,95,Stary perelig,46.4823,34.059133,38,R1B
1507,20190612,100,95,Stary perelig,46.481817,34.059617,38,R1B
1508,20190612,100,95,Stary perelig,46.481967,34.060167,38,R1B
1510,19690407,100,70,Pivdenna site,46.466745,33.905113,26,R1B
1511,19690515,100,75,Pivdenna site,46.466745,33.905113,26,R1B
1512,19690707,100,60,Pivdenna site,46.466745,33.905113,26,R1B
1513,19690908,100,60,Pivdenna site,46.466745,33.905113,26,R1B
1514,19690408,100,55,Pivdenna site,46.466745,33.905113,26,R1B
1515,19690515,100,60,Pivdenna site,46.466745,33.905113,26,R1B
1516,19690707,100,50,Pivdenna site,46.466745,33.905113,26,R1B
1517,19690908,100,40,Pivdenna site,46.466745,33.905113,26,R1B
1518,19670408,100,60,Pivdenna site,46.466745,33.905113,26,R1B
1519,19670513,100,50,Pivdenna site,46.466745,33.905113,26,R1B
1520,19670616,100,60,Pivdenna site,46.466745,33.905113,26,R1B
1521,19670714,100,60,Pivdenna site,46.466745,33.905113,26,R1B
1522,19670812,100,45,Pivdenna site,46.466745,33.905113,26,R1B
1523,19670908,100,45,Pivdenna site,46.466745,33.905113,26,R1B
1525,19700402,100,55,Stara site,46.456941,33.909996,43,R1B
1526,19700427,100,75,Stara site,46.456941,33.909996,43,R1B
1527,19700528,100,75,Stara site,46.456941,33.909996,43,R1B
1528,19700629,100,75,Stara site,46.456941,33.909996,43,R1B
1529,19700729,100,75,Stara site,46.456941,33.909996,43,R1B
1530,19700907,100,75,Stara site,46.456941,33.909996,43,R1B
1532,19700427,100,80,Stara site,46.456941,33.909996,43,R1B
1533,19700528,100,95,Stara site,46.456941,33.909996,43,R1B
1534,19700629,100,95,Stara site,46.456941,33.909996,43,R1B
1536,19700907,100,90,Stara site,46.456941,33.909996,43,R1B
1540,19700630,100,75,Stara site,46.457308,33.905745,43,R1B
1541,19700730,100,75,Stara site,46.457308,33.905745,43,R1B
1543,19700401,100,50,Stara site,46.457308,33.905745,43,R1B
1544,19700428,100,65,Stara site,46.457308,33.905745,43,R1B
1545,19700530,100,70,Stara site,46.457308,33.905745,43,R1B
1546,19700630,100,75,Stara site,46.457308,33.905745,43,R1B
1547,19700730,100,70,Stara site,46.457308,33.905745,43,R1B
1548,19700908,100,60,Stara site,46.457308,33.905745,43,R1B
1549,19700401,100,55,Stara site,46.457308,33.905745,43,R1B
1550,19700428,100,65,Stara site,46.457308,33.905745,43,R1B
1551,19700530,100,70,Stara site,46.457308,33.905745,43,R1B
1552,19700630,100,70,Stara site,46.457308,33.905745,43,R1B
1553,19700730,100,70,Stara site,46.457308,33.905745,43,R1B
1554,19700908,100,65,Stara site,46.457308,33.905745,43,R1B
1555,19700402,100,20,Stara site,46.456941,33.909996,43,R1B
1556,19700427,100,50,Stara site,46.456941,33.909996,43,R1B
1557,19700528,100,80,Stara site,46.456941,33.909996,43,X36
1558,19700701,100,70,Stara site,46.456941,33.909996,43,R1B
1559,19700729,100,60,Stara site,46.456941,33.909996,43,R1B
1560,19700907,100,,Stara site,46.456941,33.909996,43,R1B
1561,19710701,100,25,Tyshkiv,46.473857,33.937184,29,R1B
1563,19710712,100,80,Uspenivka site,46.455841,34.039289,,R1B
1564,19710712,100,80,Uspenivka site,46.455841,34.039289,,R1B
1565,19710630,100,70,Uspenivka site,46.455841,34.039289,,R1B
1566,19710924,100,65,Uspenivka site,46.455841,34.039289,,R1B
1567,19710708,100,75,Uspenivka site,46.455841,34.039289,,R1B
1568,19710708,100,75,Uspenivka site,46.455841,34.039289,,R1B
1571,19710625,100,70,Pivdenna site,46.466745,33.905113,26,R1B
1572,19710916,100,70,Pivdenna site,46.466745,33.905113,26,R1B
1573,19710601,100,60,Tyshkiv,46.473857,33.937184,29,R1B
1574,19710728,100,85,Pivnichna site,46.503255,34.016725,11,R1B
1575,19710916,100,85,Pivnichna site,46.503255,34.016725,11,R1B
1576,19710628,100,50,Pivnichna site,46.503255,34.016725,11,R1B
1577,19710916,100,55,Pivnichna site,46.503255,34.016725,11,R1B
1581,19720426,100,65,Pivnichna site,46.482576,34.035205,24,R1B
1582,19720612,100,65,Pivnichna site,46.482576,34.035205,24,R1B
1585,19710714,100,75,Pivnichna site,46.482576,34.035205,24,R1B
1586,19710914,100,,Pivnichna site,46.482576,34.035205,24,R1B
1588,19720531,100,65,Pivdenna site,46.466745,33.905113,26,R1B
1589,19720506,100,70,Pivdenna site,46.466745,33.905113,26,R1B
1590,19720603,100,70,Pivdenna site,46.466745,33.905113,26,R1B
1591,19720907,100,70,Pivdenna site,46.466745,33.905113,26,R1B
1592,19730402,100,80,Pivdenna site,46.466745,33.905113,26,R1B
1593,19730509,100,80,Pivdenna site,46.466745,33.905113,26,R1B
1594,19730726,100,80,Pivdenna site,46.466745,33.905113,26,R1B
1595,19720428,100,60,Tyshkiv,46.473857,33.937184,29,R1B
1596,19720604,100,60,Tyshkiv,46.473857,33.937184,29,R1B
1597,19720907,100,60,Tyshkiv,46.473857,33.937184,29,R1B
1598,19730512,100,75,Tyshkiv,46.473857,33.937184,29,R1B
1599,19730725,100,80,Tyshkiv,46.473857,33.937184,29,R1B
1600,19720506,100,75,Pivdenna site,46.466745,33.905113,26,R1B
1601,19720603,100,75,Pivdenna site,46.466745,33.905113,26,R1B
1602,19720907,100,75,Pivdenna site,46.466745,33.905113,26,R1B
1603,19730402,100,85,Pivdenna site,46.466745,33.905113,26,R1B
1604,19730509,100,85,Pivdenna site,46.466745,33.905113,26,R1B
1605,19730727,100,85,Pivdenna site,46.466745,33.905113,26,R1B
1606,19720506,100,55,Pivdenna site,46.466745,33.905113,26,R1B
1607,19720603,100,55,Pivdenna site,46.466745,33.905113,26,R1B
1608,19720907,100,55,Pivdenna site,46.466745,33.905113,26,R1B
1609,19730509,100,70,Pivdenna site,46.466745,33.905113,26,R1B
1610,19730727,100,75,Pivdenna site,46.466745,33.905113,26,R1B
1611,19720428,100,35,Tyshkiv,46.473857,33.937184,29,R1B
1612,19720604,100,40,Tyshkiv,46.473857,33.937184,29,R1B
1613,19730512,100,45,Tyshkiv,46.473857,33.937184,29,R1B
1614,19730725,100,75,Tyshkiv,46.473857,33.937184,29,R1B
1619,19740505,100,65,Pivdenna site,46.466745,33.905113,26,R1B
1620,19740605,100,65,Pivdenna site,46.466745,33.905113,26,R1B
1621,19740717,100,65,Pivdenna site,46.466745,33.905113,26,R1B
1622,19750411,100,55,Pivdenna site,46.466745,33.905113,26,R1B
1623,19750528,100,60,Pivdenna site,46.466745,33.905113,26,R1B
1624,19740506,100,70,Tyshkiv,46.473857,33.937184,29,R1B
1625,19740529,100,80,Tyshkiv,46.473857,33.937184,29,R1B
1626,19740723,100,80,Tyshkiv,46.473857,33.937184,29,R1B
1627,19750410,100,,Tyshkiv,46.473857,33.937184,29,R1B
1628,19750527,100,75,Tyshkiv,46.473857,33.937184,29,R1B
1629,19740505,100,65,Pivdenna site,46.466745,33.905113,26,R1B
1630,19740605,100,70,Pivdenna site,46.466745,33.905113,26,R1B
1631,19740718,100,70,Pivdenna site,46.466745,33.905113,26,R1B
1632,19750411,100,75,Pivdenna site,46.466745,33.905113,26,R1B
1633,19750528,100,80,Pivdenna site,46.466745,33.905113,26,R1B
1634,19740505,100,55,Pivdenna site,46.466745,33.905113,26,R1B
1635,19740605,100,65,Pivdenna site,46.466745,33.905113,26,R1B
1636,19740718,100,65,Pivdenna site,46.466745,33.905113,26,R1B
1637,19750411,100,70,Pivdenna site,46.466745,33.905113,26,R1B
1638,19750528,100,80,Pivdenna site,46.466745,33.905113,26,R1B
1639,19740506,100,60,Tyshkiv,46.473857,33.937184,29,R1B
1640,19740529,100,80,Tyshkiv,46.473857,33.937184,29,R1B
1641,19740723,100,75,Tyshkiv,46.473857,33.937184,29,R1B
1642,19750409,100,60,Tyshkiv,46.473857,33.937184,29,R1B
1643,19750527,100,65,Tyshkiv,46.473857,33.937184,29,R1B
1644,19740506,100,55,Tyshkiv,46.473857,33.937184,29,R1B
1648,19680403,100,65,Stara site,46.457308,33.905745,43,R1B
1649,19680426,100,75,Stara site,46.457308,33.905745,43,R1B
1650,19680528,100,85,Stara site,46.457308,33.905745,43,R1B
1651,19680627,100,75,Stara site,46.457308,33.905745,43,R1B
1652,19680726,100,70,Stara site,46.457308,33.905745,43,R1B
1653,19680829,100,75,Stara site,46.457308,33.905745,43,R1B
1654,19680927,100,70,Stara site,46.457308,33.905745,43,R1B
1655,19680405,100,60,Stara site,46.456941,33.909996,43,R1B
1656,19680428,100,85,Stara site,46.456941,33.909996,43,R1B
1657,19680529,100,90,Stara site,46.456941,33.909996,43,R1B
1658,19680629,100,85,Stara site,46.456941,33.909996,43,R1B
1659,19680728,100,85,Stara site,46.456941,33.909996,43,R1B
1660,19680830,100,85,Stara site,46.456941,33.909996,43,R1B
1661,19680928,100,85,Stara site,46.456941,33.909996,43,R1B
1662,19680403,100,65,Stara site,46.457308,33.905745,43,R1B
1663,19680427,100,75,Stara site,46.457308,33.905745,43,R1B
1664,19680528,100,75,Stara site,46.457308,33.905745,43,R1B
1665,19680627,100,65,Stara site,46.457308,33.905745,43,R1B
1666,19680726,100,60,Stara site,46.457308,33.905745,43,R1B
1667,19680829,100,60,Stara site,46.457308,33.905745,43,R1B
1668,19680927,100,60,Stara site,46.457308,33.905745,43,R1B
1670,19680428,100,75,Stara site,46.456941,33.909996,43,R1B
1671,19680529,100,85,Stara site,46.456941,33.909996,43,R1B
1672,19680628,100,40,Stara site,46.456941,33.909996,43,R1B
1676,19680404,100,70,Stara site,46.457308,33.905745,43,R1B
1677,19680427,100,75,Stara site,46.457308,33.905745,43,R1B
1678,19680530,100,70,Stara site,46.457308,33.905745,43,R1B
1679,19680627,100,65,Stara site,46.457308,33.905745,43,R1B
1680,19680728,100,65,Stara site,46.457308,33.905745,43,R1B
1681,19680829,100,65,Stara site,46.457308,33.905745,43,R1B
1682,19680925,100,60,Stara site,46.457308,33.905745,43,R1B
1683,19680405,100,75,Stara site,46.456941,33.909996,43,X36
1684,19680428,100,80,Stara site,46.456941,33.909996,43,X36
1686,19680629,100,80,Stara site,46.456941,33.909996,43,X36
1689,19680928,100,75,Stara site,46.456941,33.909996,43,X36
1691,19680427,100,85,Stara site,46.456941,33.909996,43,X36
1692,19680530,100,95,Stara site,46.456941,33.909996,43,X36
1693,19680628,100,90,Stara site,46.456941,33.909996,43,X36
1694,19680727,100,85,Stara site,46.456941,33.909996,43,X36
1695,19680830,100,80,Stara site,46.456941,33.909996,43,X36
1696,19680925,100,80,Stara site,46.456941,33.909996,43,X36
1697,19680403,100,80,Stara site,46.457308,33.905745,43,R1B
1698,19680426,100,80,Stara site,46.457308,33.905745,43,R1B
1699,19680528,100,85,Stara site,46.457308,33.905745,43,R1B
1700,19680627,100,75,Stara site,46.457308,33.905745,43,R1B
1701,19680726,100,70,Stara site,46.457308,33.905745,43,R1B
1702,19680829,100,70,Stara site,46.457308,33.905745,43,R1B
1703,19680727,100,70,Stara site,46.457308,33.905745,43,R1B
1704,19680404,100,10,Stara site,46.457816,33.915911,44,X36
1705,19680426,100,85,Stara site,46.457816,33.915911,44,X36
1706,19680530,100,85,Stara site,46.457816,33.915911,44,X36
1707,19680628,100,80,Stara site,46.457816,33.915911,44,X36
1708,19680727,100,75,Stara site,46.457816,33.915911,44,X36
1709,19680830,100,60,Stara site,46.457816,33.915911,44,X36
1710,19680925,100,65,Stara site,46.457816,33.915911,44,X36
1711,19680507,100,60,Tyshkiv,46.473857,33.937184,29,R1B
1712,19680912,100,60,Tyshkiv,46.473857,33.937184,29,R1B
1713,19690415,100,60,Tyshkiv,46.473857,33.937184,29,R1B
1714,19690516,100,75,Tyshkiv,46.473857,33.937184,29,R1B
1715,19690709,100,75,Tyshkiv,46.473857,33.937184,29,R1B
1716,19690909,100,65,Tyshkiv,46.473857,33.937184,29,R1B
1717,19680507,100,30,Tyshkiv,46.473857,33.937184,29,R1B
1719,19690411,100,55,Tyshkiv,46.473857,33.937184,29,R1B
1720,19690519,100,55,Tyshkiv,46.473857,33.937184,29,R1B
1721,19690709,100,55,Tyshkiv,46.473857,33.937184,29,R1B
1722,19690910,100,50,Tyshkiv,46.473857,33.937184,29,R1B
1723,19700401,100,60,Tyshkiv,46.473857,33.937184,29,R1B
1724,19700619,100,65,Tyshkiv,46.473857,33.937184,29,R1B
1725,19700909,100,55,Tyshkiv,46.473857,33.937184,29,R1B
1726,19680919,100,55,Bakyr,46.435439,34.009533,88,R1B
1727,19690430,100,50,Bakyr,46.435439,34.009533,88,R1B
1728,19690529,100,70,Bakyr,46.435439,34.009533,88,R1B
1729,19690717,100,60,Bakyr,46.435439,34.009533,88,R1B
1730,19690916,100,40,Bakyr,46.435439,34.009533,88,R1B
1731,19700407,100,60,Bakyr,46.435439,34.009533,88,R1B
1732,19700602,100,98,Bakyr,46.435439,34.009533,88,R1B
1734,19680919,100,50,Bakyr,46.435439,34.009533,88,R1B
1735,19690429,100,40,Bakyr,46.435439,34.009533,88,R1B
1736,19690529,100,65,Bakyr,46.435439,34.009533,88,R1B
1737,19690717,100,60,Bakyr,46.435439,34.009533,88,R1B
1738,19690916,100,40,Bakyr,46.435439,34.009533,88,R1B
1739,19700407,100,50,Bakyr,46.435439,34.009533,88,R1B
1740,19700602,100,80,Bakyr,46.435439,34.009533,88,R1B
1743,19690424,100,55,Bakyr,46.435439,34.009533,88,R1B
1744,19690527,100,65,Bakyr,46.435439,34.009533,88,R1B
1745,19690718,100,55,Bakyr,46.435439,34.009533,88,R1B
1746,19690916,100,40,Bakyr,46.435439,34.009533,88,R1B
1747,19700408,100,55,Bakyr,46.435439,34.009533,88,R1B
1748,19700528,100,70,Bakyr,46.435439,34.009533,88,R1B
1749,19700914,100,40,Bakyr,46.435439,34.009533,88,R1B
1757,19680919,100,60,Bakyr,46.435439,34.009533,88,R1B
1758,19690424,100,,Bakyr,46.435439,34.009533,88,R1B
1759,19690527,100,60,Bakyr,46.435439,34.009533,88,R1B
1760,19690718,100,60,Bakyr,46.435439,34.009533,88,R1B
1761,19690916,100,45,Bakyr,46.435439,34.009533,88,R1B
1762,19700408,100,55,Bakyr,46.435439,34.009533,88,R1B
1763,19700526,100,75,Bakyr,46.435439,34.009533,88,R1B
1764,19700915,100,40,Bakyr,46.435439,34.009533,88,R1B
1766,19690422,100,65,Bakyr,46.435439,34.009533,88,R1B
1768,19690527,100,90,Bakyr,46.435439,34.009533,88,R1B
1769,19690719,100,80,Bakyr,46.435439,34.009533,88,R1B
1770,19690915,100,50,Bakyr,46.435439,34.009533,88,R1B
1771,19700410,100,65,Bakyr,46.435439,34.009533,88,R1B
1772,19700609,100,98,Bakyr,46.435439,34.009533,88,R1B
1773,19700915,100,45,Bakyr,46.435439,34.009533,88,R1B
1774,19680919,100,50,Bakyr,46.435439,34.009533,88,R1B
1775,19690423,100,80,Bakyr,46.435439,34.009533,88,R1B
1776,19690526,100,90,Bakyr,46.435439,34.009533,88,R1B
1777,19690719,100,85,Bakyr,46.435439,34.009533,88,R1B
1778,19690915,100,55,Bakyr,46.435439,34.009533,88,R1B
1779,19700410,100,65,Bakyr,46.435439,34.009533,88,R1B
1780,19700609,100,95,Bakyr,46.435439,34.009533,88,R1B
1781,19700915,100,45,Bakyr,46.435439,34.009533,88,R1B
1782,19670406,100,30,Stara site,46.457472,33.909077,43,R1B
1784,19670512,100,60,Stara site,46.457472,33.909077,43,R1B
1785,19670613,100,75,Stara site,46.457472,33.909077,43,R1B
1786,19670713,100,75,Stara site,46.457472,33.909077,43,R1B
1787,19670810,100,65,Stara site,46.457472,33.909077,43,R1B
1788,19670907,100,65,Stara site,46.457472,33.909077,43,R1B
1796,19670518,100,70,Pivdenna site,46.466745,33.905113,26,R1B
1797,19670617,100,75,Pivdenna site,46.466745,33.905113,26,R1B
1798,19670714,100,70,Pivdenna site,46.466745,33.905113,26,R1B
1799,19670811,100,60,Pivdenna site,46.466745,33.905113,26,R1B
1800,19670909,100,60,Pivdenna site,46.466745,33.905113,26,R1B
1801,19670410,100,75,Pivdenna site,46.466745,33.905113,26,R1B
1802,19670517,100,45,Pivdenna site,46.466745,33.905113,26,R1B
1803,19670616,100,55,Pivdenna site,46.466745,33.905113,26,R1B
1804,19670715,100,50,Pivdenna site,46.466745,33.905113,26,R1B
1805,19670812,100,35,Pivdenna site,46.466745,33.905113,26,R1B
1806,19670908,100,25,Pivdenna site,46.466745,33.905113,26,R1B
1807,19670405,100,40,Stara site,46.457499,33.913651,44,X36
1808,19670511,100,60,Stara site,46.457499,33.913651,44,X36
1809,19670603,100,75,Stara site,46.457499,33.913651,44,X36
1810,19670707,100,70,Stara site,46.457499,33.913651,44,X36
1811,19670807,100,60,Stara site,46.457499,33.913651,44,X36
1812,19670909,100,55,Stara site,46.457499,33.913651,44,X36
1818,19670907,100,0.7,Stara site,46.457499,33.913651,44,X36
1820,19670505,100,90,Stara site,46.457308,33.905745,43,R1B
1821,19670607,100,85,Stara site,46.457308,33.905745,43,R1B
1822,19670705,100,80,Stara site,46.457308,33.905745,43,R1B
1823,19670804,100,65,Stara site,46.457308,33.905745,43,R1B
1824,19670903,100,65,Stara site,46.457308,33.905745,43,R1B
1830,19670904,100,60,Stara site,46.457308,33.905745,43,R1B
1832,19670507,100,85,Stara site,46.457308,33.905745,43,R1B
1833,19670607,100,85,Stara site,46.457308,33.905745,43,R1B
1834,19670705,100,85,Stara site,46.457308,33.905745,43,R1B
1835,19670804,100,70,Stara site,46.457308,33.905745,43,R1B
1836,19670904,100,60,Stara site,46.457308,33.905745,43,R1B
1844,19670511,100,75,Stara site,46.456941,33.909996,43,R1B
1845,19670612,100,85,Stara site,46.456941,33.909996,43,R1B
1846,19670708,100,70,Stara site,46.456941,33.909996,43,R1B
1847,19670810,100,40,Stara site,46.456941,33.909996,43,R1B
