"ID","date","latitude","longitude","eunis"
1470,2012-06-02,46.29895,34.31655,"R1B"
1471,2012-06-02,46.31555,34.325617,"R1B"
1467,2012-05-20,46.31845,34.357233,"X36"
1468,2012-05-20,46.31855,34.357967,"X36"
1469,2012-05-20,46.31865,34.3587,"X36"
1485,2012-06-03,46.32425,34.359133,"X36"
1483,2012-06-03,46.325417,34.357667,"X36"
660,2010-06-25,46.425417,33.73705,"X36"
658,2010-06-25,46.4257,33.736533,"X36"
659,2010-06-25,46.4257,33.736817,"X36"
657,2010-06-25,46.425917,33.736383,"X36"
696,2010-06-25,46.4299,33.7402,"X36"
695,2010-06-25,46.4299,33.7412,"X36"
694,2010-06-25,46.430617,33.74105,"X36"
697,2010-06-25,46.431033,33.74145,"X36"
1134,2008-06-12,46.431859,33.738174,"X36"
674,2010-06-25,46.433167,33.726117,"X36"
675,2010-06-25,46.433217,33.7257,"X36"
672,2010-06-25,46.433583,33.726133,"X36"
673,2010-06-25,46.4336,33.726433,"X36"
676,2010-06-25,46.4337,33.727233,"X36"
693,2010-06-25,46.433933,33.741233,"X36"
671,2010-06-25,46.434183,33.7264,"X36"
689,2010-06-25,46.434183,33.740417,"X36"
692,2010-06-25,46.434317,33.740983,"X36"
688,2010-06-25,46.434483,33.74075,"X36"
690,2010-06-25,46.4345,33.7405,"X36"
691,2010-06-25,46.4345,33.740967,"X36"
667,2010-06-25,46.434633,33.7271,"X36"
668,2010-06-25,46.434683,33.7272,"X36"
670,2010-06-25,46.434883,33.727583,"X36"
669,2010-06-25,46.4349,33.7271,"X36"
666,2010-06-25,46.43505,33.737117,"X36"
665,2010-06-25,46.435367,33.737117,"X36"
664,2010-06-25,46.43555,33.737167,"X36"
686,2010-06-25,46.435667,33.74315,"X36"
677,2010-06-25,46.4357,33.727867,"X36"
687,2010-06-25,46.435783,33.74335,"X36"
661,2010-06-25,46.435867,33.7353,"X36"
662,2010-06-25,46.436183,33.735517,"X36"
663,2010-06-25,46.436217,33.7362,"X36"
930,2004-07-18,46.437786,33.740333,"X36"
931,2004-07-18,46.437786,33.740333,"X36"
932,2004-07-18,46.437786,33.740333,"X36"
933,2004-07-18,46.437786,33.740333,"X36"
934,2004-07-18,46.437786,33.740333,"X36"
476,2015-06-18,46.437833,33.88425,"R1B"
683,2010-06-25,46.442033,33.73985,"R1B"
684,2010-06-25,46.4421,33.73985,"X36"
681,2010-06-25,46.44285,33.739267,"R1B"
680,2010-06-25,46.443067,33.73975,"R1B"
678,2010-06-25,46.443367,33.741483,"R1B"
780,2006-07-01,46.443585,33.738874,"X36"
779,2006-07-01,46.443587,33.739214,"X36"
782,2006-07-01,46.443595,33.734952,"X36"
781,2006-07-01,46.443597,33.737763,"X36"
784,2006-07-01,46.443603,33.732752,"X36"
787,2006-07-01,46.443608,33.730021,"X36"
786,2006-07-01,46.443612,33.731063,"X36"
785,2006-07-01,46.443616,33.732038,"X36"
788,2006-07-01,46.44362,33.728966,"X36"
783,2006-07-01,46.443621,33.733568,"X36"
685,2010-06-25,46.4444,33.738767,"X36"
900,2004-07-18,46.445004,33.7202,"X36"
901,2004-07-18,46.445004,33.7202,"X36"
902,2004-07-18,46.445004,33.7202,"X36"
903,2004-07-18,46.445004,33.7202,"X36"
904,2004-07-18,46.445004,33.7202,"X36"
905,2004-07-18,46.445004,33.7202,"X36"
906,2004-07-18,46.445004,33.7202,"X36"
907,2004-07-18,46.445004,33.7202,"X36"
908,2004-07-18,46.445004,33.7202,"X36"
909,2004-07-18,46.445004,33.7202,"X36"
910,2004-07-18,46.445507,33.720464,"X36"
911,2004-07-18,46.445507,33.720464,"X36"
912,2004-07-18,46.445507,33.720464,"X36"
913,2004-07-18,46.445507,33.720464,"X36"
914,2004-07-18,46.445507,33.720464,"X36"
915,2004-07-18,46.445507,33.720464,"X36"
916,2004-07-18,46.445507,33.720464,"X36"
917,2004-07-18,46.445507,33.720464,"X36"
918,2004-07-18,46.445507,33.720464,"X36"
919,2004-07-18,46.445507,33.720464,"X36"
404,2014-07-02,46.447233,33.916483,"R1B"
490,2015-06-22,46.44735,33.9048,"R1B"
405,2014-07-02,46.4474,33.9171,"R1B"
406,2014-07-02,46.447567,33.917667,"R1B"
407,2014-07-02,46.44765,33.917867,"R1B"
491,2015-06-22,46.4477,33.9048,"R1B"
408,2014-07-02,46.44775,33.91825,"R1B"
492,2015-06-22,46.44785,33.904567,"R1B"
475,2015-06-17,46.447867,33.920333,"R1B"
493,2015-06-22,46.448033,33.904733,"R1B"
229,2011-06-05,46.448033,33.921517,"R1B"
231,2011-06-05,46.448233,33.922083,"R1B"
230,2011-06-05,46.4483,33.9217,"R1B"
474,2015-06-17,46.448333,33.9205,"R1B"
232,2011-06-05,46.44835,33.922833,"R1B"
234,2011-06-05,46.448467,33.923333,"R1B"
411,2014-07-02,46.448567,33.920717,"R1B"
473,2015-06-17,46.448633,33.920683,"R1B"
472,2015-06-17,46.448783,33.920917,"R1B"
414,2014-07-02,46.44885,33.9179,"R1B"
342,2011-07-14,46.449033,33.912,"X36"
413,2014-07-02,46.449067,33.919067,"R1B"
471,2015-06-17,46.44915,33.9211,"R1B"
186,2013-07-26,46.44935,33.9132,"R1B"
216,2011-07-19,46.45,33.91925,"R1B"
469,2015-06-17,46.45,33.9202,"R1B"
468,2015-06-17,46.450233,33.92,"R1B"
228,2011-07-20,46.450683,33.906317,"R1B"
226,2011-07-18,46.4513,33.915267,"R1B"
390,2014-06-23,46.451467,33.902517,"R1B"
221,2011-07-14,46.4516,33.92075,"R1B"
322,2011-07-11,46.451667,33.899267,"R1B"
276,2011-07-20,46.45195,33.914167,"R1B"
435,2014-07-04,46.452,33.88875,"R1B"
434,2014-07-04,46.452167,33.889417,"R1B"
392,2014-06-23,46.452233,33.900817,"R1B"
245,2011-07-17,46.4525,33.886867,"R1B"
49,2013-06-26,46.452667,33.898517,"R1B"
432,2014-07-04,46.452683,33.88925,"R1B"
105,2013-07-08,46.452733,33.915933,"R1B"
326,2011-07-18,46.452833,33.921283,"X36"
323,2011-07-12,46.4529,33.914533,"X36"
102,2013-07-08,46.45295,33.919067,"R1B"
371,2014-06-16,46.453067,33.88985,"R1B"
321,2011-07-11,46.453067,33.895767,"X36"
101,2013-07-08,46.453083,33.919783,"R1B"
104,2013-07-08,46.45315,33.91645,"R1B"
427,2014-07-04,46.453217,33.8874,"R1B"
103,2013-07-08,46.45325,33.916383,"R1B"
45,2013-06-26,46.453283,33.8929,"R1B"
278,2011-07-18,46.453383,33.913433,"X36"
43,2013-06-26,46.4534,33.889,"R1B"
431,2014-07-04,46.4534,33.889933,"R1B"
448,2014-07-23,46.453417,33.883767,"X36"
113,2013-07-09,46.453567,33.922883,"R1B"
486,2015-06-18,46.453583,33.885217,"R1B"
484,2015-06-18,46.4536,33.8859,"R1B"
485,2015-06-18,46.453633,33.88595,"R1B"
429,2014-07-04,46.453633,33.88855,"R1B"
449,2014-07-23,46.453667,33.883133,"X36"
53,2013-06-27,46.453667,33.8849,"R1B"
483,2015-06-18,46.4537,33.886517,"R1B"
272,2011-07-12,46.4537,33.9116,"R1B"
482,2015-06-18,46.45385,33.88665,"R1B"
249,2011-07-12,46.45385,33.9086,"R1B"
1127,2008-06-03,46.453898,33.953524,"R1B"
1128,2008-06-03,46.453898,33.953524,"R1B"
1129,2008-06-03,46.453898,33.953524,"R1B"
1130,2008-06-03,46.453898,33.953524,"R1B"
1131,2008-06-03,46.453898,33.953524,"R1B"
1132,2008-06-03,46.453898,33.953524,"R1B"
1133,2008-06-03,46.453898,33.953524,"R1B"
481,2015-06-18,46.45395,33.886333,"R1B"
373,2014-06-16,46.453983,33.889683,"R1B"
480,2015-06-18,46.454,33.886033,"R1B"
52,2013-06-26,46.454067,33.90265,"R1B"
286,2011-07-14,46.454183,33.918483,"X36"
1497,2017-06-01,46.4542,33.88575,"R1B"
282,2011-07-19,46.454217,33.9146,"X36"
1473,2009-06-05,46.454249,34.007071,"R1B"
1474,2009-06-05,46.454249,34.007071,"R1B"
1475,2009-06-05,46.454249,34.007071,"R1B"
1476,2009-06-05,46.454249,34.007071,"R1B"
1477,2009-06-05,46.454249,34.007071,"R1B"
1479,2009-06-05,46.454249,34.007071,"R1B"
1480,2009-06-05,46.454249,34.007071,"R1B"
1481,2009-06-05,46.454249,34.007071,"R1B"
1482,2009-06-05,46.454249,34.007071,"R1B"
479,2015-06-18,46.454267,33.8856,"R1B"
478,2015-06-18,46.45435,33.8852,"R1B"
477,2015-06-18,46.4545,33.884767,"R1B"
54,2013-06-27,46.454583,33.887167,"R1B"
250,2011-07-18,46.45475,33.9066,"R1B"
251,2011-07-18,46.454933,33.910283,"R1B"
281,2011-07-12,46.455083,33.91415,"X36"
287,2011-07-15,46.455083,33.923917,"X36"
224,2011-07-18,46.455167,33.902983,"R1B"
1070,2005-05-21,46.455316,33.915029,"X36"
1071,2005-05-21,46.455316,33.915029,"X36"
1072,2005-05-21,46.455316,33.915029,"X36"
1073,2005-05-21,46.455316,33.915029,"X36"
1074,2005-05-21,46.455316,33.915029,"X36"
1075,2005-05-21,46.455316,33.915029,"X36"
1076,2005-05-21,46.455316,33.915029,"X36"
1077,2005-05-21,46.455316,33.915029,"X36"
1078,2005-05-21,46.455316,33.915029,"X36"
1079,2005-05-21,46.455316,33.915029,"X36"
1080,2005-05-21,46.455316,33.915029,"X36"
1081,2005-05-21,46.455316,33.915029,"X36"
1082,2005-05-21,46.455316,33.915029,"X36"
1083,2005-05-21,46.455316,33.915029,"X36"
381,2014-06-16,46.455317,33.885667,"R1B"
225,2011-07-18,46.455367,33.904367,"R1B"
220,2011-07-18,46.455467,33.900083,"R1B"
526,2015-06-25,46.455533,33.894483,"R1B"
417,2014-07-03,46.455667,33.8915,"R1B"
521,2015-06-25,46.4557,33.8901,"R1B"
529,2015-06-25,46.455767,33.902267,"R1B"
530,2015-06-25,46.4558,33.902567,"R1B"
531,2015-06-25,46.4559,33.9038,"R1B"
204,2014-07-09,46.455917,33.9231,"X36"
528,2015-06-25,46.456017,33.901167,"R1B"
880,2004-07-13,46.456164,33.918493,"X36"
881,2004-07-13,46.456164,33.918493,"X36"
882,2004-07-13,46.456164,33.918493,"X36"
883,2004-07-13,46.456164,33.918493,"R1B"
885,2004-07-13,46.456164,33.918493,"X36"
895,2004-07-13,46.456164,33.918493,"X36"
896,2004-07-13,46.456164,33.918493,"X36"
791,2003-10-12,46.456212,33.915549,"X36"
792,2003-10-12,46.456212,33.915549,"X36"
793,2003-10-12,46.456212,33.915549,"X36"
794,2003-10-12,46.456212,33.915549,"X36"
795,2003-10-12,46.456212,33.915549,"X36"
796,2003-10-12,46.456212,33.915549,"X36"
534,2015-07-02,46.456217,33.91165,"R1B"
1489,2013-06-21,46.456233,33.895567,"R1B"
55,2013-06-27,46.45625,33.889317,"R1B"
227,2011-07-19,46.456283,33.909617,"R1B"
284,2011-07-15,46.456283,33.92355,"X36"
254,2011-07-19,46.4565,33.9111,"R1B"
797,2003-10-12,46.456536,33.911074,"R1B"
464,2015-06-16,46.45655,33.914983,"X36"
235,2011-07-10,46.456867,33.906583,"R1B"
248,2011-07-10,46.457033,33.910767,"R1B"
242,2011-07-10,46.457183,33.906483,"R1B"
219,2011-07-13,46.457233,33.911333,"R1B"
798,2004-04-08,46.457332,33.905812,"R1B"
243,2011-07-10,46.45745,33.90575,"R1B"
517,2015-06-24,46.4575,33.899383,"R1B"
56,2013-06-27,46.4578,33.892883,"R1B"
279,2011-07-13,46.45785,33.911733,"X36"
280,2011-07-10,46.457867,33.9113,"R1B"
57,2013-06-27,46.458267,33.895383,"R1B"
799,2004-04-09,46.458399,33.918842,"X36"
237,2011-07-17,46.45845,33.906667,"R1B"
285,2011-07-13,46.45845,33.913083,"X36"
222,2011-07-16,46.458517,33.896683,"R1B"
516,2015-06-24,46.458517,33.900483,"R1B"
283,2011-07-13,46.458617,33.913567,"X36"
320,2011-07-10,46.458767,33.912317,"X36"
252,2011-07-16,46.45895,33.89915,"R1B"
223,2011-07-16,46.459067,33.90035,"R1B"
288,2011-07-13,46.459083,33.9167,"X36"
269,2011-07-28,46.459167,33.909233,"R1B"
897,2004-07-13,46.459357,33.908051,"R1B"
253,2011-07-16,46.459633,33.902533,"R1B"
314,2011-07-13,46.459667,33.91485,"X36"
451,2014-07-25,46.459783,33.890667,"R1B"
453,2014-07-25,46.460267,33.89175,"R1B"
510,2015-06-24,46.4607,33.9047,"R1B"
238,2011-07-17,46.460717,33.908483,"R1B"
270,2011-07-28,46.46075,33.909483,"R1B"
511,2015-06-24,46.460817,33.904317,"R1B"
266,2011-07-28,46.461183,33.9072,"R1B"
268,2011-07-28,46.461183,33.908167,"R1B"
137,2013-07-10,46.461233,33.907467,"R1B"
456,2014-07-25,46.461283,33.8947,"R1B"
265,2011-07-28,46.461383,33.9073,"R1B"
140,2013-07-10,46.4614,33.9094,"R1B"
244,2011-07-17,46.4616,33.9105,"R1B"
327,2011-07-17,46.46175,33.9125,"X36"
1114,2005-05-22,46.461869,33.849159,"R1B"
1115,2005-05-22,46.461869,33.849159,"R1B"
1116,2005-05-22,46.461869,33.849159,"R1B"
1117,2005-05-22,46.461869,33.849159,"R1B"
1118,2005-05-22,46.461869,33.849159,"R1B"
1119,2005-05-22,46.461869,33.849159,"R1B"
1120,2005-05-22,46.461869,33.849159,"R1B"
1122,2005-05-22,46.461869,33.849159,"R1B"
1123,2005-05-22,46.461869,33.849159,"R1B"
1124,2005-05-22,46.461869,33.849159,"X36"
1125,2005-05-22,46.461869,33.849159,"X36"
1126,2005-05-22,46.461869,33.849159,"X36"
143,2013-07-10,46.462317,33.905867,"R1B"
264,2011-07-28,46.462317,33.906867,"R1B"
1490,2016-05-19,46.462417,33.887617,"R1B"
619,2010-06-23,46.462483,33.8457,"R1B"
832,2004-07-07,46.462644,33.852695,"X36"
833,2004-07-07,46.462644,33.852695,"X36"
1010,2005-05-16,46.462707,33.91405,"X36"
1011,2005-05-16,46.462707,33.91405,"X36"
1012,2005-05-16,46.462707,33.91405,"X36"
1013,2005-05-16,46.462707,33.91405,"X36"
1014,2005-05-16,46.462707,33.91405,"X36"
1015,2005-05-16,46.462707,33.91405,"X36"
1016,2005-05-16,46.462707,33.91405,"X36"
1017,2005-05-16,46.462707,33.91405,"X36"
1018,2005-05-16,46.462707,33.91405,"X36"
1019,2005-05-16,46.462707,33.91405,"X36"
1020,2005-05-16,46.462707,33.91405,"X36"
1021,2005-05-16,46.462707,33.91405,"X36"
1022,2005-05-16,46.462707,33.91405,"X36"
1023,2005-05-16,46.462707,33.91405,"X36"
1024,2005-05-16,46.462707,33.91405,"X36"
1025,2005-05-16,46.462707,33.91405,"X36"
1026,2005-05-16,46.462707,33.91405,"X36"
1027,2005-05-16,46.462707,33.91405,"X36"
1028,2005-05-16,46.462707,33.91405,"X36"
1029,2005-05-16,46.462707,33.91405,"X36"
1030,2005-05-16,46.462707,33.91405,"X36"
1031,2005-05-16,46.462707,33.91405,"X36"
1032,2005-05-16,46.462707,33.91405,"X36"
1033,2005-05-16,46.462707,33.91405,"X36"
1034,2005-05-16,46.462707,33.91405,"X36"
1035,2005-05-16,46.462707,33.91405,"X36"
1036,2005-05-16,46.462707,33.91405,"X36"
1037,2005-05-16,46.462707,33.91405,"X36"
1038,2005-05-16,46.462707,33.91405,"X36"
1039,2005-05-16,46.462707,33.91405,"X36"
1040,2005-05-16,46.462707,33.91405,"X36"
1041,2005-05-16,46.462707,33.91405,"X36"
1042,2005-05-16,46.462707,33.91405,"X36"
1043,2005-05-16,46.462707,33.91405,"X36"
1044,2005-05-16,46.462707,33.91405,"X36"
1045,2005-05-16,46.462707,33.91405,"X36"
1046,2005-05-16,46.462707,33.91405,"X36"
1047,2005-05-16,46.462707,33.91405,"X36"
1048,2005-05-16,46.462707,33.91405,"X36"
1049,2005-05-16,46.462707,33.91405,"X36"
1050,2005-05-16,46.462707,33.91405,"X36"
1051,2005-05-16,46.462707,33.91405,"X36"
1052,2005-05-16,46.462707,33.91405,"X36"
1053,2005-05-16,46.462707,33.91405,"X36"
1054,2005-05-16,46.462707,33.91405,"X36"
1055,2005-05-16,46.462707,33.91405,"X36"
1056,2005-05-16,46.462707,33.91405,"X36"
1057,2005-05-16,46.462707,33.91405,"X36"
1058,2005-05-16,46.462707,33.91405,"X36"
1059,2005-05-16,46.462707,33.91405,"X36"
1060,2005-05-16,46.462707,33.91405,"X36"
1061,2005-05-16,46.462707,33.91405,"X36"
1062,2005-05-16,46.462707,33.91405,"X36"
1063,2005-05-16,46.462707,33.91405,"X36"
1064,2005-05-16,46.462707,33.91405,"X36"
1065,2005-05-16,46.462707,33.91405,"X36"
1066,2005-05-16,46.462707,33.91405,"X36"
1067,2005-05-16,46.462707,33.91405,"X36"
1068,2005-05-16,46.462707,33.91405,"X36"
1069,2005-05-16,46.462707,33.91405,"X36"
302,2011-07-28,46.462983,33.9136,"R1B"
1491,2016-05-19,46.463017,33.888833,"R1B"
258,2011-07-22,46.463033,33.907333,"R1B"
1492,2016-05-19,46.46305,33.8886,"R1B"
257,2011-07-22,46.463167,33.906633,"R1B"
259,2011-07-22,46.4632,33.908017,"R1B"
617,2010-06-23,46.463617,33.84675,"X36"
831,2004-07-07,46.464016,33.851892,"X36"
261,2011-07-22,46.464467,33.908433,"R1B"
168,2013-07-15,46.464567,33.90895,"R1B"
830,2004-07-07,46.464854,33.852697,"X36"
829,2004-07-07,46.465402,33.853375,"X36"
828,2004-07-07,46.465977,33.854078,"X36"
274,2011-07-14,46.466017,33.9132,"R1B"
470,2015-06-17,46.466283,33.920533,"R1B"
827,2004-07-07,46.466287,33.854364,"X36"
1007,2004-08-19,46.466419,33.874429,"R1B"
1008,2004-08-19,46.466419,33.874429,"R1B"
826,2004-07-07,46.466634,33.854768,"X36"
1006,2004-08-19,46.466973,33.874286,"R1B"
1009,2004-08-19,46.466973,33.874286,"X36"
825,2004-07-07,46.467017,33.855158,"X36"
824,2004-07-07,46.467427,33.855508,"X36"
823,2004-07-07,46.467819,33.855832,"X36"
822,2004-07-07,46.468276,33.856524,"X36"
616,2010-06-22,46.468783,33.868717,"X36"
821,2004-07-07,46.468823,33.85707,"X36"
607,2010-06-22,46.46885,33.869383,"X36"
606,2010-06-21,46.468883,33.869883,"X36"
615,2010-06-22,46.469033,33.867767,"X36"
608,2010-06-22,46.469072,33.869138,"X36"
614,2010-06-22,46.46925,33.867467,"X36"
820,2004-07-07,46.469281,33.857815,"X36"
1145,2009-06-06,46.469309,33.857419,"X36"
1146,2009-06-06,46.469309,33.857419,"X36"
1147,2009-06-06,46.469309,33.857419,"X36"
609,2010-06-22,46.469333,33.86895,"X36"
613,2010-06-22,46.469633,33.86685,"X36"
612,2010-06-22,46.46965,33.868467,"X36"
610,2010-06-22,46.469783,33.870017,"X36"
611,2010-06-22,46.46995,33.868983,"X36"
1148,2006-06-29,46.470344,33.875904,"R1B"
1496,2016-05-24,46.47035,33.891317,"R1B"
1495,2016-05-24,46.470417,33.891533,"R1B"
1493,2016-05-23,46.470683,33.899717,"R1B"
1494,2016-05-24,46.4707,33.891667,"R1B"
1149,2006-06-29,46.471007,33.876541,"R1B"
621,2010-06-23,46.471333,33.8638,"X36"
622,2010-06-23,46.471533,33.863967,"X36"
1150,2006-06-29,46.471591,33.876821,"R1B"
1151,2006-06-29,46.471889,33.876838,"R1B"
1152,2006-06-29,46.472123,33.876912,"R1B"
623,2010-06-23,46.47265,33.864,"X36"
1153,2006-06-29,46.472771,33.877116,"R1B"
813,2004-07-07,46.472931,33.869598,"X36"
814,2004-07-07,46.472931,33.869598,"X36"
815,2004-07-07,46.472931,33.869598,"X36"
816,2004-07-07,46.472931,33.869598,"X36"
817,2004-07-07,46.472931,33.869598,"X36"
818,2004-07-07,46.472931,33.869598,"X36"
819,2004-07-07,46.472931,33.869598,"X36"
624,2010-06-23,46.473083,33.86355,"X36"
1135,2008-06-13,46.473236,33.862218,"X36"
1136,2008-06-13,46.473236,33.862218,"X36"
1137,2008-06-13,46.473236,33.862218,"X36"
1154,2006-06-29,46.473277,33.87717,"R1B"
626,2010-06-23,46.473367,33.8645,"X36"
625,2010-06-23,46.473417,33.863267,"X36"
1155,2006-06-29,46.473822,33.877262,"R1B"
627,2010-06-23,46.474033,33.864317,"X36"
635,2010-06-23,46.474267,33.864067,"X36"
1156,2006-06-29,46.474289,33.877316,"R1B"
655,2010-06-24,46.474317,33.873267,"X36"
656,2010-06-24,46.474367,33.872383,"X36"
546,2010-05-30,46.474444,33.86258,"X36"
547,2010-05-30,46.47445,33.86259,"X36"
548,2010-05-30,46.47446,33.8626,"X36"
549,2010-05-30,46.47447,33.86261,"X36"
550,2010-05-30,46.47448,33.86262,"X36"
551,2010-05-30,46.47449,33.86263,"X36"
552,2010-05-30,46.4745,33.86264,"X36"
553,2010-05-30,46.47451,33.86265,"X36"
554,2010-05-30,46.47452,33.86266,"X36"
555,2010-05-30,46.47453,33.86267,"X36"
628,2010-06-23,46.47455,33.863917,"X36"
1157,2006-06-29,46.4746,33.877295,"R1B"
629,2010-06-23,46.475,33.864483,"X36"
634,2010-06-23,46.476333,33.86365,"X36"
1084,2005-05-17,46.476654,33.862878,"X36"
1085,2005-05-17,46.476654,33.862878,"X36"
1086,2005-05-17,46.476654,33.862878,"X36"
1087,2005-05-17,46.476654,33.862878,"X36"
1088,2005-05-17,46.476654,33.862878,"X36"
1089,2005-05-17,46.476654,33.862878,"X36"
1090,2005-05-17,46.476654,33.862878,"X36"
1091,2005-05-17,46.476654,33.862878,"X36"
1092,2005-05-17,46.476654,33.862878,"X36"
1093,2005-05-17,46.476654,33.862878,"X36"
1094,2005-05-17,46.476654,33.862878,"X36"
1095,2005-05-17,46.476654,33.862878,"X36"
1096,2005-05-17,46.476654,33.862878,"X36"
1097,2005-05-17,46.476654,33.862878,"X36"
1098,2005-05-17,46.476654,33.862878,"X36"
1099,2005-05-17,46.476654,33.862878,"X36"
1100,2005-05-17,46.476654,33.862878,"X36"
1101,2005-05-17,46.476654,33.862878,"X36"
1102,2005-05-17,46.476654,33.862878,"X36"
1103,2005-05-17,46.476654,33.862878,"X36"
1104,2005-05-17,46.476654,33.862878,"X36"
1105,2005-05-17,46.476654,33.862878,"X36"
1106,2005-05-17,46.476654,33.862878,"X36"
1107,2005-05-17,46.476654,33.862878,"X36"
1108,2005-05-17,46.476654,33.862878,"X36"
1109,2005-05-17,46.476654,33.862878,"X36"
1110,2005-05-17,46.476654,33.862878,"X36"
1111,2005-05-17,46.476654,33.862878,"X36"
1112,2005-05-17,46.476654,33.862878,"X36"
1113,2005-05-17,46.476654,33.862878,"X36"
631,2010-06-23,46.476833,33.866317,"X36"
630,2010-06-23,46.477,33.867433,"X36"
632,2010-06-23,46.477117,33.865633,"X36"
633,2010-06-23,46.477517,33.862933,"X36"
1138,2008-07-08,46.478825,33.855557,"X36"
1139,2008-07-08,46.478825,33.855557,"X36"
1140,2008-07-08,46.478825,33.855557,"X36"
1141,2008-07-08,46.478825,33.855557,"X36"
1142,2008-07-08,46.478825,33.855557,"X36"
1143,2008-07-08,46.478825,33.855557,"X36"
1144,2008-07-08,46.478825,33.855557,"X36"
20,2009-06-07,46.479333,33.977033,"R1B"
1498,2019-06-12,46.480117,34.060433,"R1B"
1504,2019-06-12,46.48075,34.057717,"R1B"
1505,2019-06-12,46.4808,34.058217,"R1B"
21,2009-06-07,46.481117,33.97955,"R1B"
1503,2019-06-12,46.481133,34.0579,"R1B"
1507,2019-06-12,46.481817,34.059617,"R1B"
1508,2019-06-12,46.481967,34.060167,"R1B"
7,2009-06-06,46.482079,34.035655,"R1B"
1506,2019-06-12,46.4823,34.059133,"R1B"
1499,2019-06-12,46.4827,34.05925,"R1B"
22,2009-06-07,46.483767,33.983,"R1B"
28,2009-06-07,46.48415,33.990317,"R1B"
8,2009-06-06,46.484467,34.03475,"R1B"
10,2009-06-06,46.485049,34.0328,"R1B"
636,2010-06-24,46.486183,33.854033,"X36"
638,2010-06-24,46.4862,33.853717,"X36"
653,2010-06-24,46.4862,33.868917,"X36"
654,2010-06-24,46.486233,33.868433,"X36"
637,2010-06-24,46.486283,33.85385,"X36"
639,2010-06-24,46.486417,33.853233,"X36"
640,2010-06-24,46.486783,33.85305,"X36"
641,2010-06-24,46.487017,33.8533,"X36"
712,2010-06-28,46.487067,33.856067,"X36"
3,2009-06-05,46.487103,33.964699,"R1B"
642,2010-06-24,46.487133,33.853383,"X36"
4,2009-06-05,46.487191,33.965718,"R1B"
651,2010-06-24,46.4873,33.867217,"X36"
5,2009-06-05,46.487321,33.966919,"R1B"
643,2010-06-24,46.487383,33.853417,"X36"
652,2010-06-24,46.487483,33.8679,"X36"
713,2010-06-28,46.4875,33.85675,"X36"
644,2010-06-24,46.487717,33.8535,"X36"
6,2009-06-05,46.487731,33.970301,"R1B"
714,2010-06-28,46.48785,33.857433,"X36"
650,2010-06-24,46.48785,33.8679,"X36"
16,2009-06-06,46.488002,34.022095,"R1B"
11,2009-06-06,46.488133,34.02995,"R1B"
715,2010-06-28,46.488167,33.857483,"X36"
15,2009-06-06,46.488183,34.023347,"R1B"
716,2010-06-28,46.4884,33.857417,"X36"
14,2009-06-06,46.488517,34.02395,"R1B"
645,2010-06-24,46.4886,33.853783,"X36"
717,2010-06-28,46.488783,33.857467,"X36"
718,2010-06-28,46.489183,33.858017,"X36"
646,2010-06-24,46.4895,33.8538,"X36"
719,2010-06-28,46.48975,33.85825,"X36"
720,2010-06-28,46.489833,33.858483,"X36"
647,2010-06-24,46.489867,33.853783,"X36"
648,2010-06-24,46.49015,33.853833,"X36"
649,2010-06-24,46.490233,33.8538,"X36"
12,2009-06-06,46.490267,34.0258,"R1B"
721,2010-06-28,46.490533,33.859067,"X36"
698,2010-06-26,46.49055,33.857917,"X36"
699,2010-06-26,46.4908,33.858017,"X36"
700,2010-06-26,46.491,33.858117,"X36"
701,2010-06-26,46.491133,33.858267,"X36"
13,2009-06-06,46.4913,34.024783,"R1B"
29,2009-06-09,46.492033,33.98545,"R1B"
35,2009-06-14,46.49217,33.97795,"R1B"
30,2009-06-09,46.492267,33.985517,"R1B"
702,2010-06-26,46.492317,33.858983,"X36"
36,2009-06-14,46.492386,33.977382,"R1B"
703,2010-06-26,46.49255,33.859017,"X36"
34,2009-06-14,46.492583,33.977933,"R1B"
32,2009-06-09,46.492667,33.98215,"R1B"
725,2010-07-03,46.49285,33.861867,"X36"
724,2010-07-03,46.492983,33.861467,"X36"
726,2010-07-03,46.49305,33.862117,"X36"
723,2010-07-03,46.493167,33.86115,"X36"
704,2010-06-26,46.493183,33.859517,"X36"
727,2010-07-03,46.493283,33.86195,"X36"
722,2010-07-03,46.493367,33.860633,"X36"
705,2010-06-26,46.493583,33.859583,"X36"
738,2010-07-07,46.493667,33.853567,"X36"
728,2010-07-07,46.493667,33.860017,"X36"
729,2010-07-07,46.493717,33.859117,"X36"
706,2010-06-26,46.49385,33.860367,"X36"
707,2010-06-26,46.493883,33.860683,"X36"
730,2010-07-07,46.4939,33.858017,"X36"
731,2010-07-07,46.494,33.857167,"X36"
737,2010-07-07,46.494017,33.853767,"X36"
732,2010-07-07,46.494167,33.856517,"X36"
708,2010-06-26,46.4943,33.86065,"X36"
736,2010-07-07,46.494333,33.853933,"X36"
733,2010-07-07,46.49435,33.8558,"X36"
734,2010-07-07,46.49445,33.855367,"X36"
735,2010-07-07,46.494667,33.854267,"X36"
709,2010-06-26,46.494967,33.86425,"X36"
710,2010-06-26,46.495183,33.864867,"X36"
711,2010-06-26,46.49525,33.865433,"X36"
778,2010-07-25,46.49685,33.8636,"X36"
777,2010-07-25,46.501133,33.84235,"X36"
776,2010-07-25,46.501667,33.842067,"X36"
771,2010-07-25,46.503667,33.841517,"X36"
772,2010-07-25,46.50405,33.841533,"X36"
773,2010-07-25,46.504333,33.8419,"X36"
774,2010-07-25,46.504683,33.842367,"X36"
775,2010-07-25,46.505783,33.842733,"X36"
789,2003-10-11,46.536374,33.987651,"X36"
935,2004-07-22,46.552786,33.478,"X36"
936,2004-07-22,46.552786,33.478,"X36"
937,2004-07-22,46.552786,33.478,"X36"
938,2004-07-22,46.552786,33.478,"X36"
939,2004-07-22,46.552786,33.478,"X36"
940,2004-07-22,46.552786,33.478,"X36"
941,2004-07-22,46.552786,33.478,"X36"
591,2010-06-19,46.55425,33.478983,"X36"
960,2004-08-12,46.554472,33.467241,"X36"
961,2004-08-12,46.554472,33.467241,"X36"
962,2004-08-12,46.554472,33.467241,"X36"
963,2004-08-12,46.554472,33.467241,"X36"
964,2004-08-12,46.554472,33.467241,"X36"
965,2004-08-12,46.554472,33.467241,"X36"
592,2010-06-19,46.554493,33.478638,"X36"
593,2010-06-19,46.554717,33.47824,"X36"
594,2010-06-19,46.555038,33.477774,"X36"
595,2010-06-19,46.555293,33.477418,"X36"
983,2004-08-12,46.5556,33.48395,"X36"
984,2004-08-12,46.5556,33.48395,"X36"
985,2004-08-12,46.5556,33.48395,"X36"
986,2004-08-12,46.5556,33.48395,"X36"
987,2004-08-12,46.5556,33.48395,"X36"
988,2004-08-12,46.5556,33.48395,"X36"
989,2004-08-12,46.5556,33.48395,"X36"
990,2004-08-12,46.5556,33.48395,"X36"
991,2004-08-12,46.5556,33.48395,"X36"
992,2004-08-12,46.5556,33.48395,"X36"
993,2004-08-12,46.5556,33.48395,"X36"
994,2004-08-12,46.5556,33.48395,"X36"
1001,2004-08-12,46.5556,33.48395,"X36"
1002,2004-08-12,46.5556,33.48395,"X36"
1003,2004-08-12,46.5556,33.48395,"X36"
942,2004-07-22,46.556028,33.473171,"X36"
943,2004-07-22,46.556028,33.473171,"X36"
944,2004-07-22,46.556028,33.473171,"X36"
945,2004-07-22,46.556028,33.473171,"X36"
946,2004-07-22,46.556028,33.473171,"X36"
947,2004-07-22,46.556028,33.473171,"X36"
948,2004-07-22,46.556028,33.473171,"X36"
949,2004-07-22,46.556028,33.473171,"X36"
950,2004-07-22,46.556028,33.473171,"X36"
951,2004-07-22,46.556028,33.473171,"X36"
952,2004-07-22,46.556028,33.473171,"X36"
953,2004-07-22,46.556028,33.473171,"X36"
954,2004-07-22,46.556028,33.473171,"X36"
955,2004-07-22,46.556028,33.473171,"X36"
956,2004-07-22,46.556028,33.473171,"X36"
957,2004-07-22,46.556028,33.473171,"X36"
958,2004-07-22,46.556028,33.473171,"X36"
959,2004-07-22,46.556028,33.473171,"X36"
596,2010-06-19,46.5565,33.480417,"X36"
602,2010-06-19,46.556617,33.4746,"X36"
603,2010-06-19,46.55715,33.474733,"X36"
966,2004-08-12,46.557254,33.472972,"X36"
967,2004-08-12,46.557254,33.472972,"X36"
968,2004-08-12,46.557254,33.472972,"X36"
969,2004-08-12,46.557254,33.472972,"X36"
970,2004-08-12,46.557254,33.472972,"X36"
971,2004-08-12,46.557254,33.472972,"X36"
972,2004-08-12,46.557254,33.472972,"X36"
973,2004-08-12,46.557254,33.472972,"X36"
974,2004-08-12,46.557254,33.472972,"X36"
975,2004-08-12,46.557254,33.472972,"X36"
976,2004-08-12,46.557254,33.472972,"X36"
977,2004-08-12,46.557254,33.472972,"X36"
978,2004-08-12,46.557254,33.472972,"X36"
979,2004-08-12,46.557254,33.472972,"X36"
980,2004-08-12,46.557254,33.472972,"X36"
981,2004-08-12,46.557254,33.472972,"X36"
982,2004-08-12,46.557254,33.472972,"X36"
995,2004-08-12,46.557439,33.474467,"X36"
996,2004-08-12,46.557439,33.474467,"X36"
997,2004-08-12,46.557439,33.474467,"X36"
998,2004-08-12,46.557439,33.474467,"X36"
999,2004-08-12,46.557439,33.474467,"X36"
1000,2004-08-12,46.557439,33.474467,"X36"
601,2010-06-19,46.557638,33.474637,"X36"
597,2010-06-19,46.558233,33.4786,"X36"
598,2010-06-19,46.558342,33.478443,"X36"
599,2010-06-19,46.558467,33.478167,"X36"
600,2010-06-19,46.5585,33.47525,"X36"
605,2010-06-19,46.559233,33.483467,"X36"
604,2010-06-19,46.592133,33.481483,"X36"
563,2010-06-09,46.612917,34.187183,"X36"
587,2010-06-09,46.612967,34.17325,"X36"
588,2010-06-09,46.612977,34.17335,"X36"
589,2010-06-09,46.612987,34.17345,"X36"
590,2010-06-09,46.612997,34.17355,"X36"
564,2010-06-09,46.615783,34.1865,"X36"
565,2010-06-09,46.616024,34.186412,"X36"
566,2010-06-09,46.616276,34.186239,"X36"
567,2010-06-09,46.616593,34.186047,"X36"
568,2010-06-09,46.616877,34.186114,"X36"
569,2010-06-09,46.617142,34.186153,"X36"
570,2010-06-09,46.617446,34.185913,"X36"
571,2010-06-09,46.617678,34.185942,"X36"
572,2010-06-09,46.618015,34.185923,"X36"
573,2010-06-09,46.618286,34.185461,"X36"
574,2010-06-09,46.618533,34.185333,"X36"
801,2004-05-27,46.618698,34.198073,"X36"
802,2004-05-27,46.618698,34.198073,"X36"
803,2004-05-27,46.618698,34.198073,"X36"
804,2004-05-27,46.618698,34.198073,"X36"
805,2004-05-27,46.618698,34.198073,"X36"
806,2004-05-27,46.618698,34.198073,"X36"
807,2004-05-27,46.618698,34.198073,"X36"
808,2004-05-27,46.618698,34.198073,"X36"
809,2004-05-27,46.618698,34.198073,"X36"
810,2004-05-27,46.618698,34.198073,"X36"
811,2004-05-27,46.618698,34.198073,"X36"
812,2004-05-27,46.618698,34.198073,"X36"
575,2010-06-09,46.61904,34.185051,"X36"
576,2010-06-09,46.619252,34.185762,"X36"
586,2010-06-09,46.620266,34.195322,"X36"
585,2010-06-09,46.620626,34.195253,"X36"
584,2010-06-09,46.620843,34.195267,"X36"
583,2010-06-09,46.620939,34.195302,"X36"
582,2010-06-09,46.621059,34.19533,"X36"
581,2010-06-09,46.621334,34.195092,"X36"
580,2010-06-09,46.621618,34.195219,"X36"
579,2010-06-09,46.62184,34.195001,"X36"
578,2010-06-09,46.622162,34.195107,"X36"
577,2010-06-09,46.62235,34.194967,"X36"
834,2004-07-08,46.63998,34.193309,"X36"
835,2004-07-08,46.63998,34.193309,"X36"
836,2004-07-08,46.63998,34.193309,"X36"
837,2004-07-08,46.63998,34.193309,"X36"
838,2004-07-08,46.63998,34.193309,"X36"
839,2004-07-08,46.63998,34.193309,"X36"
840,2004-07-08,46.63998,34.193309,"X36"
841,2004-07-08,46.63998,34.193309,"X36"
842,2004-07-08,46.63998,34.193309,"X36"
843,2004-07-08,46.63998,34.193309,"X36"
844,2004-07-08,46.63998,34.193309,"X36"
845,2004-07-08,46.63998,34.193309,"X36"
846,2004-07-08,46.63998,34.193309,"X36"
847,2004-07-08,46.63998,34.193309,"X36"
848,2004-07-08,46.63998,34.193309,"X36"
849,2004-07-08,46.63998,34.193309,"X36"
850,2004-07-08,46.63998,34.193309,"X36"
851,2004-07-08,46.63998,34.193309,"X36"
852,2004-07-08,46.63998,34.193309,"X36"
853,2004-07-08,46.63998,34.193309,"X36"
854,2004-07-08,46.63998,34.193309,"X36"
855,2004-07-08,46.63998,34.193309,"X36"
856,2004-07-08,46.63998,34.193309,"X36"
857,2004-07-08,46.63998,34.193309,"X36"
858,2004-07-08,46.63998,34.193309,"X36"
756,2010-07-08,46.661317,33.739717,"X36"
770,2010-07-07,46.6644,33.81605,"X36"
767,2010-07-07,46.664417,33.814833,"X36"
768,2010-07-07,46.664467,33.81515,"X36"
769,2010-07-07,46.6663,33.818233,"X36"
766,2010-07-08,46.66765,33.733683,"X36"
765,2010-07-08,46.66785,33.73365,"X36"
760,2010-07-08,46.668117,33.735367,"X36"
761,2010-07-08,46.668333,33.7351,"X36"
764,2010-07-08,46.668533,33.7339,"X36"
762,2010-07-08,46.668633,33.734617,"X36"
763,2010-07-08,46.668833,33.7343,"X36"
749,2010-07-08,46.674,33.726617,"X36"
748,2010-07-08,46.674367,33.72865,"X36"
750,2010-07-08,46.6746,33.706233,"X36"
752,2010-07-08,46.67475,33.704367,"X36"
751,2010-07-08,46.674783,33.7054,"X36"
747,2010-07-08,46.676467,33.71685,"X36"
753,2010-07-08,46.676733,33.704567,"X36"
746,2010-07-08,46.677417,33.719967,"X36"
754,2010-07-08,46.67755,33.704783,"X36"
745,2010-07-08,46.677633,33.720383,"X36"
744,2010-07-08,46.678833,33.721567,"X36"
743,2010-07-08,46.679383,33.72355,"X36"
742,2010-07-08,46.680067,33.725133,"X36"
759,2010-07-08,46.680183,33.730367,"X36"
758,2010-07-08,46.68025,33.7296,"X36"
741,2010-07-08,46.681167,33.72605,"X36"
740,2010-07-08,46.681467,33.7267,"X36"
739,2010-07-08,46.68195,33.728917,"X36"
755,2010-07-08,46.683833,33.70575,"X36"
757,2010-07-08,46.689617,33.715117,"X36"
